  -1.9531250e-01  -1.2500000e-01  -3.1250000e-02  -1.5625000e-02  -5.4687500e-02  -2.7343750e-01  -2.2656250e-01  -1.0156250e-01   2.6997415e-02
   1.9531250e-01   1.9531250e-01   2.3437500e-02   3.1250000e-02   4.6875000e-02  -3.1250000e-02  -3.9843750e-01   6.2500000e-02   3.1997415e-02
  -1.5625000e-02  -2.3437500e-01   7.8125000e-03  -7.8125000e-03   1.2500000e-01  -1.0156250e-01  -1.1718750e-01   4.6875000e-01   3.6997415e-02
  -1.4843750e-01  -1.1718750e-01  -7.0312500e-02  -4.6875000e-02  -3.2812500e-01  -6.2500000e-02  -3.5156250e-01  -6.1718750e-01   4.1997415e-02
   2.3437500e-02   3.9062500e-02   3.1250000e-02   4.6875000e-02   1.3281250e-01  -6.2500000e-02   5.4687500e-01   2.9687500e-01   4.6997415e-02
  -3.1250000e-02   7.0312500e-02   7.8125000e-02  -3.1250000e-02  -5.0781250e-01  -3.0468750e-01  -4.3750000e-01  -2.7343750e-01   5.1997415e-02
  -3.1250000e-02   0.0000000e+00  -2.3437500e-02   5.4687500e-02   3.2031250e-01   0.0000000e+00   3.7500000e-01  -7.8125000e-03   5.6997415e-02
   9.3750000e-02  -2.3437500e-02  -3.9062500e-02  -2.3437500e-02   7.8125000e-02  -3.9062500e-02   1.9531250e-01  -6.2500000e-02   6.1997415e-02
  -5.4687500e-02  -6.2500000e-02   6.2500000e-02   3.9062500e-02  -3.4375000e-01   2.0312500e-01  -5.7812500e-01   1.8750000e-01   6.6997415e-02
  -6.2500000e-02  -1.5625000e-02  -4.6875000e-02  -2.3437500e-02  -1.4843750e-01  -1.0937500e-01  -5.3125000e-01   3.1250000e-02   7.1997415e-02
  -2.3437500e-02   3.1250000e-02   7.8125000e-03   3.1250000e-02   3.1250000e-01   3.8281250e-01  -1.0156250e-01   3.2031250e-01   7.6997415e-02
  -1.5625000e-02   1.5625000e-02   7.8125000e-03  -3.1250000e-02  -7.8125000e-03   6.2500000e-02  -5.3906250e-01  -1.8750000e-01   8.1997415e-02
  -1.5625000e-02   0.0000000e+00   3.1250000e-02   1.5625000e-02  -1.6406250e-01   1.4843750e-01  -2.7343750e-01  -2.1093750e-01   8.6997415e-02
   2.3437500e-02   4.6875000e-02   2.3437500e-02   7.8125000e-02   3.5937500e-01   4.6093750e-01   9.4531250e-01  -3.5156250e-01   9.1997415e-02
  -8.5937500e-02  -3.1250000e-02  -4.6875000e-02  -2.3437500e-02   1.0156250e-01   2.8906250e-01  -9.3750000e-01   4.5312500e-01   9.6997415e-02
   1.0937500e-01   2.3437500e-02   4.6875000e-02  -4.6875000e-02  -2.4218750e-01  -4.6875000e-02  -5.8593750e-01   3.0468750e-01   1.0199741e-01
  -7.0312500e-02  -5.4687500e-02   7.8125000e-03  -1.5625000e-02   1.0937500e-01   2.6562500e-01   9.0625000e-01   1.5625000e-01   1.0699741e-01
  -5.4687500e-02   3.1250000e-02  -2.3437500e-02  -1.5625000e-02   2.2656250e-01  -1.7187500e-01  -7.0312500e-01  -1.0156250e-01   1.1199741e-01
   8.5937500e-02  -8.5937500e-02   0.0000000e+00   3.9062500e-02   1.5625000e-02  -2.7343750e-01   7.0312500e-02  -3.0468750e-01   1.1699741e-01
  -1.2500000e-01   5.4687500e-02   1.5625000e-02   0.0000000e+00  -3.9062500e-02   7.0312500e-02   9.9218750e-01   1.0937500e-01   1.2199741e-01
   1.7968750e-01  -9.3750000e-02  -7.8125000e-03  -7.0312500e-02  -2.5000000e-01  -2.7343750e-01  -8.9062500e-01   1.0937500e-01   1.2699741e-01
  -3.9062500e-02   2.6562500e-01  -6.2500000e-02   4.6875000e-02   2.9687500e-01   7.8125000e-02   4.6875000e-01   3.2812500e-01   1.3199741e-01
  -2.3437500e-02  -1.0156250e-01  -5.4687500e-02  -8.5937500e-02  -1.0156250e-01   1.3281250e-01  -1.4843750e-01  -6.7187500e-01   1.3699741e-01
   3.9062500e-02  -1.5625000e-02  -1.5625000e-02  -3.1250000e-02  -4.6875000e-02  -5.0000000e-01   2.9687500e-01   1.1718750e-01   1.4199741e-01
  -3.9062500e-02  -9.3750000e-02  -1.5625000e-02   7.8125000e-03   1.8750000e-01   7.8125000e-03  -4.6875000e-02  -7.8125000e-02   1.4699741e-01
   3.1250000e-02  -3.1250000e-02  -1.5625000e-02  -3.1250000e-02  -3.0468750e-01   1.4062500e-01  -6.2500000e-02   1.9531250e-01   1.5199741e-01
  -1.1718750e-01  -5.4687500e-02   0.0000000e+00  -3.1250000e-02  -2.5781250e-01  -2.7343750e-01  -5.3125000e-01  -5.7812500e-01   1.5699741e-01
   5.4687500e-02   1.8750000e-01   5.4687500e-02   2.3437500e-02   1.1718750e-01   2.0312500e-01   3.7500000e-01  -3.4375000e-01   1.6199741e-01
  -7.8125000e-03  -7.8125000e-02  -4.6875000e-02   1.0937500e-01   6.1718750e-01  -1.2500000e-01   4.7656250e-01   4.1406250e-01   1.6699741e-01
   8.5937500e-02  -7.8125000e-03  -7.8125000e-03  -8.5937500e-02  -5.0000000e-01   2.2656250e-01  -7.3437500e-01  -2.9687500e-01   1.7199741e-01
  -3.9062500e-02  -1.3281250e-01  -3.1250000e-02   3.1250000e-02   3.9843750e-01  -9.3750000e-02   5.3125000e-01  -2.6562500e-01   1.7699741e-01
  -7.0312500e-02  -7.0312500e-02  -8.5937500e-02  -7.0312500e-02  -1.2500000e-01   2.3437500e-02  -3.7500000e-01  -4.6093750e-01   1.8199741e-01
  -7.0312500e-02   7.8125000e-03   2.3437500e-02   1.5625000e-02  -1.3281250e-01  -1.5625000e-02   1.9531250e-01  -2.5781250e-01   1.8699741e-01
   7.8125000e-03   6.2500000e-02  -5.4687500e-02  -1.2500000e-01  -5.7031250e-01  -2.5781250e-01   8.4375000e-01   1.6406250e-01   1.9199741e-01
   7.8125000e-02  -7.0312500e-02  -1.5625000e-02   7.0312500e-02   5.2343750e-01   1.5625000e-01  -2.0312500e-01  -5.4687500e-02   1.9699741e-01
  -1.5625000e-01  -1.1718750e-01  -3.1250000e-02   3.1250000e-02   6.2500000e-02   3.1250000e-02   3.8281250e-01   3.5937500e-01   2.0199741e-01
  -4.6875000e-02  -1.5625000e-02  -3.9062500e-02  -3.9062500e-02  -7.8125000e-03  -2.3437500e-02  -2.9687500e-01  -6.7968750e-01   2.0699741e-01
   5.4687500e-02  -1.5625000e-01   4.6875000e-02   3.1250000e-02   1.0156250e-01  -1.7187500e-01  -5.7812500e-01  -7.8125000e-02   2.1199741e-01
  -1.5625000e-02   3.5156250e-01   1.5625000e-02  -3.9062500e-02  -4.7656250e-01  -3.1250000e-02   5.6250000e-01  -1.2500000e-01   2.1699741e-01
  -7.8125000e-02  -1.6406250e-01  -1.5625000e-02  -1.5625000e-02   1.3281250e-01  -7.8125000e-03   9.3750000e-02   1.3281250e-01   2.2199741e-01
   6.2500000e-02   1.4843750e-01   3.1250000e-02  -2.3437500e-02  -7.8125000e-02   2.2656250e-01  -2.4218750e-01   5.4687500e-02   2.2699741e-01
  -3.9062500e-02  -1.0937500e-01   7.8125000e-03   6.2500000e-02   1.0937500e-01  -5.6250000e-01   5.2343750e-01   4.9218750e-01   2.3199741e-01
   8.5937500e-02   5.4687500e-02   7.8125000e-03  -4.6875000e-02  -3.0468750e-01  -3.1250000e-01  -1.4062500e-01  -1.6406250e-01   2.3699741e-01
  -1.5625000e-02   7.8125000e-03   2.3437500e-02   7.8125000e-02   2.0312500e-01   4.5312500e-01  -1.5625000e-02  -3.1250000e-01   2.4199741e-01
  -7.8125000e-03   3.1250000e-02  -1.5625000e-02  -3.9062500e-02  -5.4687500e-02  -2.1093750e-01   1.2500000e-01   3.0468750e-01   2.4699741e-01
  -4.6875000e-02  -3.2031250e-01  -1.5625000e-02  -2.3437500e-02  -1.7968750e-01  -2.5000000e-01  -9.3750000e-02   0.0000000e+00   2.5199741e-01
  -6.2500000e-02   3.5156250e-01   2.3437500e-02  -2.3437500e-02  -2.5000000e-01  -3.8281250e-01   5.0781250e-01  -2.0312500e-01   2.5699741e-01
   5.4687500e-02   1.5625000e-02  -3.9062500e-02   1.3281250e-01   6.4062500e-01   4.0625000e-01  -3.4375000e-01   3.2812500e-01   2.6199741e-01
   2.3437500e-02   7.8125000e-03   2.3437500e-02  -4.6875000e-02  -1.6406250e-01  -8.6718750e-01   2.3437500e-01  -1.2500000e-01   2.6699741e-01
  -8.5937500e-02  -7.8125000e-03  -3.1250000e-02   2.3437500e-02   1.8750000e-01   4.9218750e-01   2.9687500e-01  -1.7968750e-01   2.7199741e-01
  -5.4687500e-02  -1.5625000e-01  -6.2500000e-02  -7.8125000e-02  -1.3281250e-01  -2.1093750e-01   4.1406250e-01   2.0312500e-01   2.7699741e-01
   3.1250000e-02  -3.9062500e-02   1.5625000e-02  -7.0312500e-02  -4.6875000e-01  -9.3750000e-02  -3.1250000e-01  -2.9687500e-01   2.8199741e-01
   3.9062500e-02   1.3281250e-01   1.5625000e-02   1.5625000e-02   2.1093750e-01   2.8125000e-01   3.2812500e-01   5.4687500e-02   2.8699741e-01
   4.6875000e-02   1.6406250e-01   2.3437500e-02   2.3437500e-02   9.3750000e-02   1.3281250e-01  -3.5937500e-01   2.0312500e-01   2.9199741e-01
  -2.0312500e-01  -9.3750000e-02   0.0000000e+00  -2.3437500e-02  -1.5625000e-01  -4.6875000e-02  -1.0156250e-01  -3.6718750e-01   2.9699741e-01
   9.3750000e-02   3.9062500e-02  -3.1250000e-02  -5.4687500e-02  -1.7968750e-01   2.3437500e-02   3.2031250e-01   3.5156250e-01   3.0199741e-01
   0.0000000e+00  -1.4843750e-01  -3.1250000e-02   2.3437500e-02   4.7656250e-01  -3.2812500e-01   3.4375000e-01   1.4843750e-01   3.0699741e-01
  -5.4687500e-02  -2.3437500e-02   1.5625000e-02  -7.0312500e-02  -1.7187500e-01   4.6875000e-02   2.2656250e-01   7.8125000e-03   3.1199741e-01
   6.2500000e-02   2.3437500e-02   0.0000000e+00   0.0000000e+00   2.3437500e-02   2.1875000e-01  -7.1875000e-01   5.6250000e-01   3.1699741e-01
  -3.1250000e-02   3.1250000e-02   0.0000000e+00  -7.8125000e-03  -1.4062500e-01  -2.5781250e-01   1.0156250e-01   3.1250000e-02   3.2199741e-01
  -4.6875000e-02  -1.2500000e-01  -4.6875000e-02  -5.4687500e-02  -3.0468750e-01  -4.6875000e-02  -2.7343750e-01  -1.9531250e-01   3.2699741e-01
  -1.0156250e-01  -7.8125000e-03  -1.5625000e-02  -7.8125000e-03   1.7187500e-01  -8.5937500e-02  -2.0312500e-01  -5.6250000e-01   3.3199741e-01
   1.0156250e-01  -4.6875000e-02   1.5625000e-02   3.9062500e-02   1.1718750e-01   5.4687500e-02   3.2812500e-01   3.5156250e-01   3.3699741e-01
  -3.9062500e-02  -1.0937500e-01  -1.5625000e-02  -3.9062500e-02  -1.7187500e-01   7.8125000e-02  -7.8125000e-02   3.3593750e-01   3.4199741e-01
   5.4687500e-02   5.4687500e-02   7.8125000e-03  -7.8125000e-03  -1.2500000e-01   2.3437500e-01   4.5312500e-01  -6.2500000e-02   3.4699741e-01
   1.5625000e-02  -7.8125000e-03  -7.8125000e-03  -2.3437500e-02   0.0000000e+00   3.1250000e-02  -6.4843750e-01  -5.4687500e-02   3.5199741e-01
   1.5625000e-02   7.0312500e-02   0.0000000e+00  -4.6875000e-02  -1.3281250e-01   3.9062500e-02   1.0937500e-01  -1.0156250e-01   3.5699741e-01
   0.0000000e+00  -6.2500000e-02  -4.6875000e-02  -4.6875000e-02  -2.3437500e-01  -2.4218750e-01   1.0937500e-01  -1.3281250e-01   3.6199741e-01
  -9.3750000e-02  -4.6875000e-02  -4.6875000e-02  -2.3437500e-02   5.4687500e-02   4.6875000e-01   3.5937500e-01   1.8750000e-01   3.6699741e-01
  -1.2500000e-01  -1.6406250e-01  -5.4687500e-02   8.5937500e-02   3.1250000e-01   3.6718750e-01   1.5625000e-01   5.2343750e-01   3.7199741e-01
   7.8125000e-03  -1.7187500e-01  -5.4687500e-02  -2.3437500e-02   1.0156250e-01  -5.4687500e-02   2.9687500e-01   9.3750000e-02   3.7699741e-01
   4.6875000e-02   3.5156250e-01   3.9062500e-02  -7.8125000e-02  -2.3437500e-01  -1.6406250e-01   0.0000000e+00  -5.4687500e-02   3.8199741e-01
  -7.8125000e-02  -1.7968750e-01   2.3437500e-02   0.0000000e+00  -2.1093750e-01   2.1875000e-01  -5.6250000e-01  -2.1093750e-01   3.8699741e-01
   8.5937500e-02   1.3281250e-01   2.3437500e-02  -2.3437500e-02  -2.8125000e-01  -4.6875000e-01  -1.0156250e-01   1.0156250e-01   3.9199741e-01
  -4.6875000e-02  -6.2500000e-02   1.5625000e-02   2.3437500e-02  -6.2500000e-02  -3.0468750e-01  -4.3750000e-01   2.1875000e-01   3.9699741e-01
   7.8125000e-03  -3.1250000e-02   7.8125000e-03  -3.1250000e-02   7.8125000e-02   1.0937500e-01   6.5625000e-01  -6.8750000e-01   4.0199741e-01
  -3.9062500e-02  -6.2500000e-02  -3.9062500e-02  -4.6875000e-02  -1.1718750e-01  -9.3750000e-02  -5.6250000e-01   3.6718750e-01   4.0699741e-01
   1.5625000e-02   2.1093750e-01   1.5625000e-02  -4.6875000e-02  -3.2812500e-01  -2.0312500e-01   1.7968750e-01   0.0000000e+00   4.1199741e-01
  -5.4687500e-02  -1.3281250e-01  -7.8125000e-03  -7.8125000e-03  -1.7187500e-01   8.5937500e-02  -8.3593750e-01  -4.6875000e-01   4.1699741e-01
   5.4687500e-02   7.0312500e-02   2.3437500e-02   5.4687500e-02   4.0625000e-01  -6.4843750e-01   9.6093750e-01  -9.3750000e-02   4.2199741e-01
  -2.1093750e-01  -1.1718750e-01  -5.4687500e-02  -5.4687500e-02  -1.4062500e-01  -1.0937500e-01   3.5937500e-01  -3.8281250e-01   4.2699741e-01
   6.2500000e-02   2.3437500e-02   2.3437500e-02  -7.8125000e-03  -4.6875000e-02   1.2500000e-01  -2.5000000e-01   1.0156250e-01   4.3199741e-01
   7.8125000e-03  -1.5625000e-02   1.5625000e-02   2.3437500e-02  -7.0312500e-02   1.5625000e-01   6.6406250e-01   1.5625000e-02   4.3699741e-01
   0.0000000e+00  -1.2500000e-01  -5.4687500e-02  -4.6875000e-02  -1.0937500e-01   1.3281250e-01   1.0156250e-01   4.7656250e-01   4.4199741e-01
   8.5937500e-02  -2.3437500e-02  -1.5625000e-02  -4.6875000e-02  -2.1093750e-01  -1.8750000e-01   1.7187500e-01  -2.9687500e-01   4.4699741e-01
   1.5625000e-02   3.0468750e-01   5.4687500e-02   9.3750000e-02   2.4218750e-01   1.7187500e-01   7.4218750e-01  -7.8125000e-02   4.5199741e-01
  -1.0156250e-01  -3.5156250e-01  -9.3750000e-02  -1.0156250e-01   3.1250000e-02  -7.8125000e-03  -4.0625000e-01  -2.3437500e-02   4.5699741e-01
   5.4687500e-02   2.0312500e-01   6.2500000e-02   2.3437500e-02  -1.1718750e-01  -1.1718750e-01  -1.9531250e-01   2.9687500e-01   4.6199741e-01
   5.4687500e-02   1.0937500e-01   3.9062500e-02   3.1250000e-02   5.4687500e-02  -2.3437500e-02  -4.6875000e-02   1.3281250e-01   4.6699741e-01
  -1.5625000e-02  -1.0156250e-01  -3.1250000e-02  -1.5625000e-02   2.4218750e-01   1.0937500e-01  -1.2500000e-01  -6.2500000e-02   4.7199741e-01
  -3.1250000e-02  -1.5625000e-02  -2.3437500e-02  -1.5625000e-02   7.8125000e-03  -1.8750000e-01   6.0937500e-01  -1.2500000e-01   4.7699741e-01
  -7.0312500e-02  -1.7968750e-01  -7.8125000e-03   1.5625000e-02  -9.3750000e-02  -5.0781250e-01  -4.3750000e-01   2.7343750e-01   4.8199741e-01
  -1.5625000e-02   2.0312500e-01  -4.6875000e-02  -3.1250000e-02  -1.7187500e-01   1.5625000e-01   2.9687500e-01   7.8125000e-02   4.8699741e-01
   4.6875000e-02  -7.0312500e-02   0.0000000e+00  -3.1250000e-02   1.4062500e-01  -2.6562500e-01   3.1250000e-02  -2.1875000e-01   4.9199741e-01
   4.6875000e-02   1.2500000e-01   0.0000000e+00   6.2500000e-02   0.0000000e+00   2.0312500e-01   1.7968750e-01   2.6562500e-01   4.9699741e-01
  -2.3437500e-02  -1.5625000e-01  -2.3437500e-02  -4.6875000e-02  -1.2500000e-01  -1.7187500e-01  -4.0625000e-01  -7.0312500e-02   5.0199741e-01
  -4.6875000e-02  -1.0937500e-01  -3.1250000e-02   7.8125000e-03   7.0312500e-02   8.5937500e-02   7.8125000e-02  -1.3281250e-01   5.0699741e-01
   7.8125000e-02  -1.0937500e-01  -7.8125000e-03   3.9062500e-02   2.0312500e-01   1.1718750e-01  -1.5625000e-02   1.7968750e-01   5.1199741e-01
  -6.2500000e-02   6.2500000e-02   7.8125000e-03  -2.3437500e-02   1.5625000e-02   2.0312500e-01  -3.2812500e-01  -1.1718750e-01   5.1699741e-01
  -7.0312500e-02  -1.5625000e-02  -3.9062500e-02  -1.5625000e-02   6.2500000e-02   3.5937500e-01  -2.8125000e-01  -2.1875000e-01   5.2199741e-01
   5.4687500e-02   1.5625000e-02   5.4687500e-02   1.0937500e-01   2.3437500e-01  -3.7500000e-01  -2.7343750e-01   4.5312500e-01   5.2699741e-01
  -2.3437500e-02   8.5937500e-02  -3.1250000e-02  -1.0937500e-01  -4.8437500e-01   3.2812500e-01   8.5156250e-01  -6.8750000e-01   5.3199741e-01
  -3.1250000e-02  -5.4687500e-02   0.0000000e+00   4.6875000e-02   7.8125000e-02   4.8437500e-01   1.0937500e-01   2.2656250e-01   5.3699741e-01
   1.1718750e-01  -1.5625000e-02  -1.5625000e-02  -1.5625000e-02   1.0937500e-01   1.4062500e-01   2.4218750e-01   3.2812500e-01   5.4199741e-01
  -1.5625000e-02  -3.1250000e-02  -2.3437500e-02  -7.8125000e-03   7.0312500e-02   3.1250000e-02  -1.6406250e-01  -1.0156250e-01   5.4699741e-01
  -7.8125000e-03  -1.0937500e-01  -5.4687500e-02  -5.4687500e-02   7.0312500e-02   7.0312500e-02  -4.7656250e-01  -7.8125000e-02   5.5199741e-01
   4.6875000e-02   7.8125000e-02   7.8125000e-03   0.0000000e+00  -3.0468750e-01  -3.6718750e-01   2.6562500e-01  -7.8125000e-03   5.5699741e-01
  -7.8125000e-03  -3.9062500e-02   0.0000000e+00   3.9062500e-02   1.4843750e-01   3.1250000e-02   9.3750000e-02  -1.5625000e-01   5.6199741e-01
   7.8125000e-03   1.5625000e-02   2.3437500e-02  -2.3437500e-02  -1.5625000e-01   7.0312500e-02   1.5625000e-02   2.3437500e-01   5.6699741e-01
  -1.5625000e-02  -8.5937500e-02  -2.3437500e-02   2.3437500e-02   5.0781250e-01  -2.5781250e-01   1.0156250e-01   0.0000000e+00   5.7199741e-01
   4.6875000e-02   7.8125000e-02  -7.8125000e-03  -1.5625000e-02  -1.7187500e-01   7.0312500e-02   7.8125000e-03  -1.1718750e-01   5.7699741e-01
   7.8125000e-03   2.3437500e-02  -3.9062500e-02  -4.6875000e-02  -1.7187500e-01   2.3437500e-02  -3.9062500e-02   1.5625000e-02   5.8199741e-01
   6.2500000e-02  -1.5625000e-02   0.0000000e+00   6.2500000e-02   2.8125000e-01   1.9531250e-01   2.8906250e-01   1.1718750e-01   5.8699741e-01
  -1.1718750e-01  -4.6875000e-02   1.5625000e-02  -1.5625000e-02  -1.1718750e-01  -2.3437500e-02  -3.5156250e-01   7.0312500e-02   5.9199741e-01
   3.9062500e-02  -2.3437500e-02  -2.3437500e-02  -3.9062500e-02   1.6406250e-01   1.1718750e-01   6.0156250e-01  -8.5937500e-02   5.9699741e-01
  -3.9062500e-02  -6.2500000e-02   2.3437500e-02   1.5625000e-02  -4.6875000e-02  -2.1875000e-01  -2.9687500e-01  -1.2500000e-01   6.0199741e-01
  -3.9062500e-02  -5.4687500e-02  -2.3437500e-02  -4.6875000e-02  -3.2031250e-01  -2.3437500e-02  -2.4218750e-01  -1.3281250e-01   6.0699741e-01
   7.8125000e-02   1.1718750e-01   0.0000000e+00  -4.6875000e-02  -4.0625000e-01   1.3281250e-01  -5.2343750e-01  -4.6875000e-02   6.1199741e-01
   4.6875000e-02   2.1875000e-01   2.3437500e-02   4.6875000e-02   4.7656250e-01  -1.5625000e-02  -2.6562500e-01  -1.7968750e-01   6.1699741e-01
  -7.8125000e-02  -3.9062500e-02  -2.3437500e-02  -3.9062500e-02  -2.0312500e-01   1.0156250e-01  -2.3437500e-01   3.2031250e-01   6.2199741e-01
  -5.4687500e-02  -8.5937500e-02  -3.9062500e-02  -3.9062500e-02  -1.5625000e-02   7.8125000e-01   6.2500000e-02  -2.3437500e-02   6.2699741e-01
   4.6875000e-02  -8.5937500e-02   0.0000000e+00   1.5625000e-02  -1.1718750e-01   3.9843750e-01   5.0781250e-01   1.1718750e-01   6.3199741e-01
  -1.4062500e-01  -1.1718750e-01  -3.1250000e-02  -3.1250000e-02  -2.3437500e-02   1.5625000e-01  -5.4687500e-01   2.3437500e-01   6.3699741e-01
   0.0000000e+00   7.0312500e-02   1.5625000e-02   7.8125000e-02   2.5000000e-01   3.5156250e-01   4.3750000e-01  -1.7187500e-01   6.4199741e-01
  -1.0156250e-01   2.1093750e-01   3.9062500e-02   4.6875000e-02   1.4062500e-01  -1.7968750e-01  -1.0000000e+00   4.8437500e-01   6.4699741e-01
   4.6875000e-02  -2.5781250e-01  -3.9062500e-02  -7.8125000e-03  -4.6875000e-02  -1.1718750e-01   1.5625000e-02   3.2031250e-01   6.5199741e-01
   1.7187500e-01   1.4062500e-01   1.5625000e-02  -7.8125000e-03   9.3750000e-02  -2.1875000e-01   7.8906250e-01   7.8125000e-03   6.5699741e-01
  -8.5937500e-02  -3.1250000e-02  -3.9062500e-02  -5.4687500e-02  -1.5625000e-01   6.6406250e-01   6.8750000e-01  -3.9062500e-02   6.6199741e-01
   7.8125000e-03  -1.4843750e-01  -4.6875000e-02  -7.8125000e-02  -2.2656250e-01  -6.3281250e-01  -3.0468750e-01  -6.0937500e-01   6.6699741e-01
  -7.0312500e-02   1.5625000e-02   2.3437500e-02   2.3437500e-02   1.5625000e-02   1.7968750e-01   2.5781250e-01   8.5937500e-02   6.7199741e-01
  -3.1250000e-02  -2.3437500e-02   7.8125000e-03  -2.3437500e-02  -2.2656250e-01  -7.2656250e-01   4.1406250e-01  -3.5937500e-01   6.7699741e-01
   3.1250000e-02  -9.3750000e-02  -3.9062500e-02  -3.1250000e-02   1.4843750e-01   1.0156250e-01   1.8750000e-01   3.1250000e-02   6.8199741e-01
  -1.5625000e-02   3.1250000e-02  -1.5625000e-02  -1.5625000e-02   3.1250000e-02   1.4062500e-01  -4.4531250e-01  -4.8437500e-01   6.8699741e-01
   4.6875000e-02   1.5625000e-02  -3.9062500e-02  -4.6875000e-02  -7.8125000e-02  -3.5156250e-01  -8.5937500e-02   2.1093750e-01   6.9199741e-01
  -5.4687500e-02  -1.4062500e-01  -5.4687500e-02  -5.4687500e-02  -2.3437500e-01   4.1406250e-01   8.5937500e-02  -1.0937500e-01   6.9699741e-01
  -2.3437500e-02   7.0312500e-02   2.3437500e-02   7.8125000e-03  -8.5937500e-02  -1.7968750e-01  -7.0312500e-01  -2.5781250e-01   7.0199741e-01
   3.1250000e-02  -5.4687500e-02  -1.5625000e-02  -2.3437500e-02  -3.1250000e-02  -2.4218750e-01   5.0781250e-01  -3.1250000e-02   7.0699741e-01
  -8.5937500e-02  -1.3281250e-01   7.8125000e-03   3.1250000e-02   2.3437500e-02  -1.1718750e-01  -1.8750000e-01  -3.9843750e-01   7.1199741e-01
  -2.3437500e-02   1.3281250e-01  -1.5625000e-02   7.8125000e-03   1.1718750e-01   0.0000000e+00  -6.7187500e-01   4.6875000e-01   7.1699741e-01
   1.2500000e-01   1.4062500e-01   3.9062500e-02   7.8125000e-03   1.5625000e-02  -2.0312500e-01  -7.8125000e-03   3.2031250e-01   7.2199741e-01
   2.3437500e-02   3.1250000e-02  -7.8125000e-03  -3.9062500e-02   3.1250000e-02   3.9062500e-02  -5.0000000e-01  -6.2500000e-02   7.2699741e-01
  -9.3750000e-02  -1.0156250e-01   0.0000000e+00  -7.8125000e-03  -1.5625000e-02   0.0000000e+00   4.6875000e-02  -1.3281250e-01   7.3199741e-01
   7.8125000e-03  -3.9062500e-02   2.3437500e-02   0.0000000e+00  -2.3437500e-02  -2.8906250e-01  -7.8125000e-02  -6.2500000e-02   7.3699741e-01
  -5.4687500e-02  -8.5937500e-02  -6.2500000e-02  -3.1250000e-02   4.6875000e-02   1.4062500e-01   7.0312500e-02  -1.5625000e-02   7.4199741e-01
   0.0000000e+00  -1.3281250e-01  -2.3437500e-02   0.0000000e+00  -7.8125000e-03   5.4687500e-02   2.9687500e-01  -1.8750000e-01   7.4699741e-01
   3.1250000e-02   8.5937500e-02   2.3437500e-02   3.9062500e-02   4.6875000e-02   1.1718750e-01  -7.0312500e-02   1.7187500e-01   7.5199741e-01
  -2.3437500e-02   2.1093750e-01   0.0000000e+00  -8.5937500e-02  -3.6718750e-01   3.9062500e-02  -3.1250000e-01   3.9062500e-02   7.5699741e-01
   4.6875000e-02   6.2500000e-02   3.1250000e-02   1.2500000e-01   6.6406250e-01  -1.4843750e-01   6.3281250e-01  -1.8750000e-01   7.6199741e-01
   7.8125000e-03  -8.5937500e-02   7.8125000e-03  -7.8125000e-03   1.5625000e-02  -5.4687500e-02  -5.3906250e-01   1.1718750e-01   7.6699741e-01
  -1.4843750e-01  -7.8125000e-02  -7.8125000e-02   0.0000000e+00   4.0625000e-01   7.3437500e-01   9.4531250e-01   2.2656250e-01   7.7199741e-01
   5.4687500e-02  -8.5937500e-02  -1.5625000e-02   0.0000000e+00   2.8906250e-01  -6.0937500e-01   1.7968750e-01  -2.1093750e-01   7.7699741e-01
   2.3437500e-02  -2.3437500e-02   1.5625000e-02  -1.5625000e-02  -2.7343750e-01  -1.3281250e-01   1.7968750e-01   3.1250000e-02   7.8199741e-01
   6.2500000e-02   8.5937500e-02   0.0000000e+00  -7.8125000e-03  -1.4843750e-01   1.0937500e-01   5.3125000e-01   2.8125000e-01   7.8699741e-01
  -2.3437500e-02   7.8125000e-03  -7.8125000e-03  -3.9062500e-02   8.5937500e-02  -3.5156250e-01  -8.3593750e-01  -4.6093750e-01   7.9199741e-01
  -1.0156250e-01  -7.8125000e-02   2.3437500e-02   7.8125000e-03  -1.0156250e-01   1.2500000e-01   2.3437500e-02  -3.2812500e-01   7.9699741e-01
  -3.1250000e-02   7.8125000e-03  -3.9062500e-02  -6.2500000e-02  -1.9531250e-01  -3.9062500e-02   1.7968750e-01  -4.6875000e-02   8.0199741e-01
  -8.5937500e-02   1.5625000e-02  -1.5625000e-02   7.8125000e-03   1.0937500e-01   1.2500000e-01   5.3125000e-01   1.8750000e-01   8.0699741e-01
  -1.0156250e-01  -1.0156250e-01  -7.0312500e-02  -1.7968750e-01  -4.9218750e-01  -1.7187500e-01  -5.0781250e-01  -1.2500000e-01   8.1199741e-01
  -7.0312500e-02   0.0000000e+00   1.5625000e-02   5.4687500e-02   2.3437500e-02   3.9843750e-01  -3.9062500e-02  -1.2500000e-01   8.1699741e-01
   3.1250000e-02  -7.8125000e-03  -7.8125000e-03  -2.3437500e-02  -2.0312500e-01  -3.2812500e-01  -8.2812500e-01  -9.3750000e-02   8.2199741e-01
  -1.5625000e-02   8.5937500e-02   1.5625000e-02   3.9062500e-02   1.4843750e-01   1.2500000e-01   3.0468750e-01  -1.0156250e-01   8.2699741e-01
   1.5625000e-02   1.1718750e-01   3.1250000e-02   3.9062500e-02   1.0156250e-01   7.0312500e-02  -1.0156250e-01   4.5312500e-01   8.3199741e-01
   5.4687500e-02  -1.0156250e-01   7.8125000e-03  -3.1250000e-02  -1.4062500e-01  -7.8125000e-02   7.1093750e-01   5.4687500e-02   8.3699741e-01
  -8.5937500e-02  -1.5625000e-01  -7.8125000e-03   5.4687500e-02   2.2656250e-01   2.5000000e-01   3.1250000e-02   3.0468750e-01   8.4199741e-01
  -1.5625000e-02  -7.0312500e-02  -3.9062500e-02  -3.9062500e-02  -9.3750000e-02  -3.9062500e-02   4.6875000e-02  -4.6875000e-02   8.4699741e-01
  -7.8125000e-03   8.5937500e-02  -7.8125000e-03   2.3437500e-02  -4.6875000e-02   7.8125000e-03   6.3281250e-01   2.3437500e-02   8.5199741e-01
   4.6875000e-02   1.5625000e-01   1.5625000e-02  -7.8125000e-03  -1.4843750e-01   2.8125000e-01  -4.6875000e-01  -9.3750000e-02   8.5699741e-01
  -6.2500000e-02  -6.2500000e-02  -1.5625000e-02   7.8125000e-03   2.2656250e-01  -2.8906250e-01   7.0312500e-02  -3.2031250e-01   8.6199741e-01
   7.8125000e-03  -6.2500000e-02  -3.1250000e-02  -7.0312500e-02  -1.7968750e-01   7.0312500e-02   2.1093750e-01   1.1718750e-01   8.6699741e-01
   3.1250000e-02  -1.4843750e-01   1.5625000e-02   1.1718750e-01   3.9843750e-01  -1.6406250e-01  -1.6406250e-01  -1.5625000e-01   8.7199741e-01
  -7.8125000e-03  -4.6875000e-02   0.0000000e+00   2.3437500e-02   3.1250000e-02   2.1875000e-01  -8.5937500e-02   3.9062500e-02   8.7699741e-01
  -3.9062500e-02  -3.9062500e-02  -1.0156250e-01  -7.8125000e-02   1.3281250e-01  -1.3281250e-01  -2.3437500e-01   4.6093750e-01   8.8199741e-01
  -8.5937500e-02  -8.5937500e-02  -7.8125000e-03   0.0000000e+00   1.0156250e-01  -2.3437500e-01   1.1718750e-01  -1.4062500e-01   8.8699741e-01
   6.2500000e-02   6.2500000e-02  -1.5625000e-02  -5.4687500e-02  -1.0937500e-01  -1.0156250e-01  -1.8750000e-01   1.4062500e-01   8.9199741e-01
  -3.9062500e-02  -2.3437500e-02  -3.1250000e-02  -5.4687500e-02  -1.7187500e-01  -1.9531250e-01   1.5625000e-02   3.9062500e-02   8.9699741e-01
   1.5625000e-02   4.6875000e-02   2.3437500e-02   3.1250000e-02  -1.1718750e-01  -1.4843750e-01   6.4062500e-01   0.0000000e+00   9.0199741e-01
   1.5625000e-02  -5.4687500e-02  -1.5625000e-02  -4.6875000e-02  -1.7968750e-01  -3.8281250e-01  -3.2031250e-01  -3.9062500e-02   9.0699741e-01
  -3.1250000e-02   7.0312500e-02  -1.5625000e-02   1.5625000e-02  -5.4687500e-02   1.4843750e-01   2.4218750e-01   6.2500000e-02   9.1199741e-01
  -4.6875000e-02  -1.0937500e-01  -2.3437500e-02  -3.9062500e-02   1.3281250e-01  -4.6875000e-02  -2.0312500e-01  -2.3437500e-02   9.1699741e-01
   3.9062500e-02  -3.1250000e-02   2.3437500e-02  -7.8125000e-03  -2.8125000e-01   8.5937500e-02  -3.2031250e-01  -2.3437500e-02   9.2199741e-01
   2.3437500e-02   7.8125000e-02  -3.9062500e-02  -3.9062500e-02   1.3281250e-01   1.9531250e-01   6.4843750e-01   5.4687500e-02   9.2699741e-01
   3.1250000e-02   7.8125000e-03   2.3437500e-02  -7.8125000e-03  -2.1875000e-01  -1.5625000e-02  -4.6875000e-01   1.9531250e-01   9.3199741e-01
  -5.4687500e-02  -1.4062500e-01  -6.2500000e-02  -3.1250000e-02  -1.0156250e-01  -1.2500000e-01   1.7187500e-01   3.1250000e-02   9.3699741e-01
  -1.5625000e-02   4.6875000e-02   0.0000000e+00   7.8125000e-03   4.6875000e-02   4.3750000e-01   1.7187500e-01   7.8125000e-03   9.4199741e-01
   4.6875000e-02   4.6875000e-02   4.6875000e-02   2.3437500e-02   1.0156250e-01  -6.6406250e-01  -3.2031250e-01  -3.2812500e-01   9.4699741e-01
  -1.0937500e-01  -1.1718750e-01  -1.5625000e-02  -2.3437500e-02   5.4687500e-02   1.9531250e-01   6.5625000e-01  -9.3750000e-02   9.5199741e-01
   3.9062500e-02   2.3437500e-02   7.0312500e-02   6.2500000e-02   1.3281250e-01   1.8750000e-01  -6.7968750e-01   1.5625000e-02   9.5699741e-01
   3.1250000e-02   5.4687500e-02  -2.3437500e-02  -3.9062500e-02  -2.5000000e-01  -3.7500000e-01  -3.0468750e-01  -7.8125000e-02   9.6199741e-01
  -8.5937500e-02  -2.8906250e-01  -7.0312500e-02  -1.5625000e-02  -1.5625000e-01   1.2500000e-01   8.5937500e-02  -4.6875000e-02   9.6699741e-01
   4.6875000e-02   1.3281250e-01   7.0312500e-02   3.1250000e-02   7.8125000e-03  -1.7968750e-01   2.7343750e-01  -4.6875000e-02   9.7199741e-01
   5.4687500e-02   3.3593750e-01   7.8125000e-02   4.6875000e-02   1.5625000e-01   1.0937500e-01   3.5156250e-01   2.3437500e-02   9.7699741e-01
   0.0000000e+00   1.3281250e-01   1.5625000e-02  -3.9062500e-02  -2.0312500e-01  -7.8125000e-03  -4.9218750e-01   1.8750000e-01   9.8199741e-01
  -7.0312500e-02  -6.2500000e-02  -7.0312500e-02  -1.5625000e-02   1.9531250e-01   4.3750000e-01  -1.7187500e-01  -1.3281250e-01   9.8699741e-01
   3.1250000e-02  -3.9843750e-01  -6.2500000e-02   7.8125000e-03  -1.0937500e-01  -1.6406250e-01   7.9687500e-01   4.0625000e-01   9.9199741e-01
   1.5625000e-02   7.0312500e-02  -5.4687500e-02   3.9062500e-02   2.2656250e-01  -2.2656250e-01  -4.6875000e-02   1.3281250e-01   9.9699741e-01
  -7.8125000e-03  -2.3437500e-02   2.3437500e-02  -7.8125000e-03  -4.6875000e-02  -1.0937500e-01  -1.1718750e-01  -1.3281250e-01   1.0019974e+00
  -1.5625000e-02   1.5625000e-02  -7.8125000e-03  -3.1250000e-02  -1.4062500e-01   1.7968750e-01   2.5781250e-01   2.3437500e-02   1.0069974e+00
  -2.3437500e-02  -3.9062500e-02   2.3437500e-02   0.0000000e+00  -1.5625000e-02   1.0156250e-01  -7.4218750e-01  -2.3437500e-01   1.0119974e+00
  -4.6875000e-02  -7.0312500e-02  -2.3437500e-02  -7.8125000e-02  -1.5625000e-02   2.0312500e-01   6.2500000e-01  -1.3281250e-01   1.0169974e+00
  -9.3750000e-02  -2.5781250e-01  -1.1718750e-01  -4.6875000e-02   0.0000000e+00  -4.6875000e-02   3.4375000e-01   5.4687500e-02   1.0219974e+00
   1.0156250e-01   3.5156250e-01   6.2500000e-02  -1.5625000e-02  -8.5937500e-02   3.1250000e-02  -6.8750000e-01   2.1093750e-01   1.0269974e+00
  -7.8125000e-02   1.2500000e-01   7.8125000e-03  -2.3437500e-02  -7.0312500e-02  -1.8750000e-01   7.0312500e-02  -4.2187500e-01   1.0319974e+00
  -7.8125000e-03  -1.4843750e-01  -4.6875000e-02  -7.8125000e-03   7.8125000e-02   8.5937500e-02  -1.0937500e-01  -3.9062500e-02   1.0369974e+00
  -3.9062500e-02  -3.1250000e-02   4.6875000e-02   4.6875000e-02   2.3437500e-02   2.8125000e-01  -2.9687500e-01  -2.0312500e-01   1.0419974e+00
   0.0000000e+00  -7.8125000e-02  -6.2500000e-02  -7.8125000e-03  -7.8125000e-03   5.6250000e-01   9.9218750e-01   3.2031250e-01   1.0469974e+00
   7.0312500e-02   1.1718750e-01   3.1250000e-02  -1.5625000e-02  -7.0312500e-02  -1.0156250e-01  -6.8750000e-01  -1.7187500e-01   1.0519974e+00
   0.0000000e+00   0.0000000e+00   7.8125000e-03  -1.5625000e-02  -7.0312500e-02   1.7187500e-01  -1.4843750e-01   5.1562500e-01   1.0569974e+00
   0.0000000e+00  -7.0312500e-02  -7.0312500e-02  -7.8125000e-02  -8.5937500e-02  -7.0312500e-02  -3.3593750e-01  -1.9531250e-01   1.0619974e+00
  -1.2500000e-01  -3.1250000e-02   3.9062500e-02   1.5625000e-02   1.5625000e-02  -3.1250000e-02  -4.0625000e-01  -1.2500000e-01   1.0669974e+00
  -2.3437500e-02   6.2500000e-02  -6.2500000e-02  -3.9062500e-02   3.9062500e-02  -6.2500000e-02   3.3593750e-01  -1.1718750e-01   1.0719974e+00
  -3.1250000e-02  -1.7968750e-01  -5.4687500e-02  -3.9062500e-02  -5.4687500e-02   1.6406250e-01   1.5625000e-01  -1.5625000e-02   1.0769974e+00
   7.8125000e-02   9.3750000e-02   7.8125000e-03  -3.9062500e-02  -1.4843750e-01  -3.9062500e-02   2.2656250e-01   3.9062500e-02   1.0819974e+00
   7.8125000e-03   5.4687500e-02   7.8125000e-03   3.9062500e-02   1.5625000e-02  -1.8750000e-01   6.4062500e-01   6.2500000e-02   1.0869974e+00
  -4.6875000e-02  -2.1093750e-01  -3.1250000e-02  -2.3437500e-02  -6.2500000e-02  -2.5781250e-01   1.7968750e-01   1.4843750e-01   1.0919974e+00
   4.6875000e-02   2.1093750e-01   1.5625000e-02   0.0000000e+00   8.5937500e-02   3.9062500e-02  -6.2500000e-02  -1.5625000e-01   1.0969974e+00
  -7.8125000e-02   1.6406250e-01   2.3437500e-02   0.0000000e+00   1.4062500e-01   3.1250000e-01   8.5937500e-01   1.5625000e-01   1.1019974e+00
  -2.3437500e-02  -3.9062500e-02   0.0000000e+00   0.0000000e+00  -8.5937500e-02  -2.6562500e-01  -6.5625000e-01  -1.9531250e-01   1.1069974e+00
   7.0312500e-02  -3.9062500e-02  -2.3437500e-02  -3.9062500e-02  -2.0312500e-01  -1.3281250e-01  -3.1250000e-02   7.0312500e-02   1.1119974e+00
  -5.4687500e-02  -2.0312500e-01  -4.6875000e-02   1.5625000e-02  -1.2500000e-01   1.9531250e-01   1.4062500e-01   7.0312500e-02   1.1169974e+00
   3.1250000e-02   7.8125000e-02   3.9062500e-02   1.5625000e-02   5.4687500e-02  -1.1718750e-01   5.9375000e-01  -2.3437500e-01   1.1219974e+00
   3.9062500e-02  -3.9062500e-02  -7.8125000e-03   3.1250000e-02   1.8750000e-01  -1.8750000e-01  -1.7968750e-01   7.8125000e-03   1.1269974e+00
  -6.2500000e-02  -1.0937500e-01  -6.2500000e-02  -6.2500000e-02  -1.5625000e-01   1.5625000e-02   7.8125000e-02  -7.8125000e-02   1.1319974e+00
   3.1250000e-02  -4.6875000e-02  -1.5625000e-02  -7.0312500e-02  -1.0156250e-01  -2.2656250e-01  -1.4843750e-01   1.3281250e-01   1.1369974e+00
  -1.5625000e-02   3.1250000e-02  -4.6875000e-02  -4.6875000e-02  -4.6875000e-02  -3.0468750e-01   3.2031250e-01  -1.7968750e-01   1.1419974e+00
   3.9062500e-02   7.8125000e-03   1.5625000e-02   2.3437500e-02   2.3437500e-02   2.5781250e-01   1.9531250e-01   1.7968750e-01   1.1469974e+00
   2.3437500e-02   3.9062500e-02   7.8125000e-03  -1.5625000e-02  -2.0312500e-01  -2.5000000e-01  -1.6406250e-01  -1.1718750e-01   1.1519974e+00
   7.0312500e-02   1.2500000e-01   2.3437500e-02   6.2500000e-02   3.9843750e-01  -1.4062500e-01  -2.3437500e-01   5.5468750e-01   1.1569974e+00
  -1.5625000e-02  -7.8125000e-02  -3.1250000e-02  -2.3437500e-02   0.0000000e+00   4.3750000e-01   4.6875000e-02   9.3750000e-02   1.1619974e+00
  -7.8125000e-03  -6.2500000e-02   1.5625000e-02  -3.1250000e-02  -8.5937500e-02  -1.3281250e-01  -4.1406250e-01  -1.4843750e-01   1.1669974e+00
   2.3437500e-02   1.4843750e-01   0.0000000e+00   3.1250000e-02   1.6406250e-01   1.7968750e-01  -1.2500000e-01   3.2812500e-01   1.1719974e+00
  -4.6875000e-02  -1.3281250e-01  -7.8125000e-03   0.0000000e+00   7.8125000e-03  -3.9062500e-02  -1.1718750e-01  -3.2031250e-01   1.1769974e+00
   3.9062500e-02   7.0312500e-02   3.1250000e-02   3.1250000e-02   1.0156250e-01   6.2500000e-02  -5.0000000e-01   3.1250000e-02   1.1819974e+00
   2.3437500e-02  -1.5625000e-02  -3.1250000e-02   7.8125000e-03  -9.3750000e-02  -2.3437500e-02  -1.5625000e-02   6.2500000e-02   1.1869974e+00
  -1.5625000e-02   7.0312500e-02   1.5625000e-02  -5.4687500e-02  -1.4062500e-01   4.2968750e-01  -2.8906250e-01  -3.0468750e-01   1.1919974e+00
  -9.3750000e-02  -1.2500000e-01  -7.8125000e-02  -1.5625000e-02  -4.6875000e-02   5.6250000e-01   9.4531250e-01  -1.7968750e-01   1.1969974e+00
   5.4687500e-02  -8.5937500e-02   3.9062500e-02   2.3437500e-02  -3.9062500e-02  -1.0937500e-01  -1.0000000e+00   1.7968750e-01   1.2019974e+00
   0.0000000e+00   1.5625000e-02   0.0000000e+00  -7.8125000e-03  -7.0312500e-02  -1.0937500e-01   3.7500000e-01   3.9062500e-02   1.2069974e+00
   0.0000000e+00  -1.7968750e-01  -3.9062500e-02   6.2500000e-02   5.3906250e-01   2.0312500e-01  -3.1250000e-02  -7.8125000e-03   1.2119974e+00
   6.2500000e-02   3.3593750e-01   4.6875000e-02  -4.6875000e-02  -1.1718750e-01  -5.3125000e-01  -2.9687500e-01   3.0468750e-01   1.2169974e+00
  -1.5625000e-02  -7.8125000e-02  -2.3437500e-02  -7.8125000e-03  -1.0937500e-01   2.3437500e-01  -3.8281250e-01  -2.3437500e-01   1.2219974e+00
  -1.5625000e-02   5.4687500e-02   3.1250000e-02   7.8125000e-03  -1.4062500e-01  -2.0312500e-01   2.5781250e-01  -1.5625000e-02   1.2269974e+00
  -2.3437500e-02   1.5625000e-02   1.5625000e-02   2.3437500e-02   1.7968750e-01  -5.7812500e-01  -2.1875000e-01  -1.0937500e-01   1.2319974e+00
   3.1250000e-02  -1.6406250e-01  -3.1250000e-02  -7.8125000e-03   7.0312500e-02   3.1250000e-02  -1.5625000e-02   1.0156250e-01   1.2369974e+00
  -3.9062500e-02  -2.8906250e-01  -7.8125000e-03   2.3437500e-02   5.4687500e-02   1.7968750e-01   3.2812500e-01  -4.0625000e-01   1.2419974e+00
   3.1250000e-02   6.0937500e-01   2.3437500e-02   7.8125000e-03   2.0312500e-01  -4.7656250e-01   4.6875000e-01   2.7343750e-01   1.2469974e+00
  -2.3437500e-02  -3.6718750e-01  -2.3437500e-02   5.4687500e-02   1.0937500e-01  -1.1718750e-01   1.5625000e-01   1.4062500e-01   1.2519974e+00
  -3.9062500e-02   7.8125000e-02   3.1250000e-02  -3.1250000e-02  -1.9531250e-01   2.8906250e-01   1.8750000e-01  -1.6406250e-01   1.2569974e+00
  -5.4687500e-02  -4.6875000e-02  -3.1250000e-02  -5.4687500e-02  -2.3437500e-02  -2.3437500e-01  -5.4687500e-02   2.3437500e-01   1.2619974e+00
   3.1250000e-02  -1.3281250e-01   1.5625000e-02   1.5625000e-02   1.4062500e-01   2.8125000e-01  -6.1718750e-01  -1.5625000e-02   1.2669974e+00
  -2.3437500e-02   1.0156250e-01   1.5625000e-02   2.3437500e-02  -7.0312500e-02   2.3437500e-01   4.6875000e-01   1.6406250e-01   1.2719974e+00
  -7.8125000e-03  -4.6875000e-02  -7.0312500e-02  -5.4687500e-02  -1.0156250e-01  -7.1093750e-01  -1.2500000e-01  -1.7968750e-01   1.2769974e+00
   0.0000000e+00   1.5625000e-02   0.0000000e+00  -7.0312500e-02  -6.2500000e-01   2.3437500e-01   2.5000000e-01  -1.1718750e-01   1.2819974e+00
   3.1250000e-02   1.2500000e-01   1.5625000e-02   3.1250000e-02   3.9062500e-02   1.5625000e-01   5.2343750e-01   3.0468750e-01   1.2869974e+00
   7.8125000e-03  -1.7187500e-01   2.3437500e-02   2.3437500e-02   5.4687500e-02   2.1875000e-01   5.5468750e-01  -3.1250000e-02   1.2919974e+00
   1.5625000e-02  -8.5937500e-02  -2.3437500e-02   7.8125000e-03   2.3437500e-02   1.3281250e-01  -2.3437500e-02   2.0312500e-01   1.2969974e+00
  -3.9062500e-02   1.0937500e-01  -1.5625000e-02   7.8125000e-03   8.5937500e-02  -2.2656250e-01   4.4531250e-01  -3.9062500e-02   1.3019974e+00
  -2.3437500e-02   1.0156250e-01  -3.1250000e-02  -3.1250000e-02   2.3437500e-02  -3.6718750e-01   3.4375000e-01  -3.2031250e-01   1.3069974e+00
   7.0312500e-02   1.9531250e-01   2.3437500e-02  -3.1250000e-02  -1.7968750e-01   2.8125000e-01   5.0000000e-01  -7.8125000e-03   1.3119974e+00
  -7.8125000e-03  -2.3437500e-01   4.6875000e-02   2.3437500e-02  -7.8125000e-03  -2.3437500e-01   1.7968750e-01  -1.4062500e-01   1.3169974e+00
   7.0312500e-02   1.0156250e-01   6.2500000e-02   1.1718750e-01   4.2187500e-01  -7.8125000e-03   8.3593750e-01   1.8750000e-01   1.3219974e+00
  -1.5625000e-02   2.5781250e-01  -7.0312500e-02  -3.9062500e-02  -6.2500000e-02   1.3281250e-01  -8.5937500e-02   4.0625000e-01   1.3269974e+00
  -1.0156250e-01  -7.8125000e-02  -7.0312500e-02  -3.1250000e-02   1.0937500e-01   1.1718750e-01  -5.4687500e-01   4.6875000e-02   1.3319974e+00
   2.3437500e-02   2.3437500e-02   0.0000000e+00  -1.5625000e-02  -1.8750000e-01  -1.3281250e-01  -1.0937500e-01  -2.9687500e-01   1.3369974e+00
  -1.1718750e-01   4.6875000e-02   2.3437500e-02   3.9062500e-02   7.0312500e-02   7.0312500e-02   3.5156250e-01   4.6875000e-02   1.3419974e+00
   3.9062500e-02  -2.2656250e-01   7.8125000e-03   2.3437500e-02   2.3437500e-01  -7.0312500e-02  -1.0000000e+00  -5.4687500e-02   1.3469974e+00
   3.9062500e-02   1.1718750e-01  -5.4687500e-02  -4.6875000e-02  -2.5000000e-01  -2.1875000e-01   8.5937500e-02   2.6562500e-01   1.3519974e+00
   3.1250000e-02   4.0625000e-01   1.0937500e-01   2.3437500e-02   1.0937500e-01   2.3437500e-02  -1.5625000e-02   3.9062500e-02   1.3569974e+00
   4.6875000e-02  -7.8125000e-03   4.6875000e-02   7.8125000e-03   1.8750000e-01  -1.5625000e-02  -7.0312500e-01   3.9062500e-02   1.3619974e+00
  -3.9062500e-02  -1.0156250e-01  -3.1250000e-02  -7.8125000e-03  -5.3125000e-01  -4.0625000e-01   2.0312500e-01  -1.0156250e-01   1.3669974e+00
  -3.1250000e-02  -2.3437500e-02  -4.6875000e-02  -3.9062500e-02  -1.4062500e-01  -3.2812500e-01   1.4062500e-01  -1.4843750e-01   1.3719974e+00
  -3.1250000e-02  -1.6406250e-01  -7.8125000e-03   4.6875000e-02   1.4062500e-01   7.3437500e-01   3.8281250e-01  -1.2500000e-01   1.3769974e+00
  -5.4687500e-02  -2.3437500e-02  -1.5625000e-02   1.5625000e-02   1.8750000e-01   1.0156250e-01  -7.8125000e-03   2.4218750e-01   1.3819974e+00
  -5.4687500e-02  -1.7187500e-01   7.8125000e-03  -7.0312500e-02  -1.4062500e-01  -7.0312500e-02  -8.4375000e-01  -2.1093750e-01   1.3869974e+00
  -5.4687500e-02  -7.8125000e-03   7.8125000e-03  -2.3437500e-02  -2.6562500e-01  -1.4062500e-01   5.9375000e-01  -2.6562500e-01   1.3919974e+00
   7.8125000e-02   3.9062500e-02  -4.6875000e-02   4.6875000e-02   1.0156250e-01  -6.3281250e-01  -2.5000000e-01   2.7343750e-01   1.3969974e+00
  -5.4687500e-02   2.1875000e-01  -1.5625000e-02  -2.3437500e-02  -9.3750000e-02   4.2187500e-01   5.0000000e-01  -1.5625000e-01   1.4019974e+00
  -9.3750000e-02  -5.0000000e-01  -7.8125000e-02   0.0000000e+00   4.3750000e-01   6.5625000e-01   6.1718750e-01  -8.5937500e-02   1.4069974e+00
   5.4687500e-02   7.8125000e-02  -7.8125000e-03  -3.9062500e-02  -3.9062500e-02   2.1875000e-01  -1.4062500e-01  -1.0937500e-01   1.4119974e+00
   0.0000000e+00   9.3750000e-02  -1.5625000e-02  -4.6875000e-02  -4.6875000e-02  -7.8125000e-02  -1.0156250e-01  -4.6875000e-02   1.4169974e+00
   7.8125000e-03   1.5625000e-01  -8.5937500e-02  -7.8125000e-03   6.2500000e-02   9.3750000e-02  -1.2500000e-01   2.6562500e-01   1.4219974e+00
   3.1250000e-02  -2.3437500e-02   3.1250000e-02  -2.3437500e-02  -1.0937500e-01   2.8125000e-01  -3.0468750e-01  -9.3750000e-02   1.4269974e+00
  -7.8125000e-03   1.0156250e-01   3.9062500e-02  -1.5625000e-02   2.3437500e-02   4.6875000e-02   7.1093750e-01  -1.5625000e-02   1.4319974e+00
  -1.0156250e-01  -3.8281250e-01  -7.0312500e-02  -5.4687500e-02  -3.9062500e-02  -4.6093750e-01   1.3281250e-01  -4.9218750e-01   1.4369974e+00
   5.4687500e-02  -7.0312500e-02  -1.5625000e-02   3.1250000e-02   9.3750000e-02  -5.7031250e-01   2.1093750e-01   1.2500000e-01   1.4419974e+00
   7.0312500e-02   6.2500000e-02   7.0312500e-02   3.9062500e-02  -2.3437500e-02   3.0468750e-01   3.1250000e-01  -2.2656250e-01   1.4469974e+00
  -4.6875000e-02   7.8125000e-02   1.5625000e-02   3.1250000e-02   1.8750000e-01   0.0000000e+00  -3.0468750e-01   1.4062500e-01   1.4519974e+00
  -1.7187500e-01  -1.0937500e-01  -5.4687500e-02  -1.2500000e-01  -3.8281250e-01   2.5000000e-01   6.2500000e-02  -1.4843750e-01   1.4569974e+00
  -4.6875000e-02  -7.8125000e-02  -3.1250000e-02  -3.1250000e-02  -1.5625000e-02  -2.4218750e-01  -6.7187500e-01  -4.9218750e-01   1.4619974e+00
   7.8125000e-03  -3.5156250e-01  -2.3437500e-02   0.0000000e+00   6.2500000e-02  -1.7187500e-01  -1.7968750e-01  -3.9062500e-02   1.4669974e+00
   1.0937500e-01   1.7968750e-01   6.2500000e-02   0.0000000e+00   5.4687500e-02   7.0312500e-02   1.5625000e-01   1.1718750e-01   1.4719974e+00
  -7.8125000e-03   2.4218750e-01   4.6875000e-02   2.3437500e-02   3.9062500e-02  -1.4843750e-01  -3.2812500e-01  -1.3281250e-01   1.4769974e+00
  -2.1875000e-01  -4.3750000e-01  -1.1718750e-01  -1.0937500e-01  -4.9218750e-01  -1.8750000e-01   3.1250000e-01  -3.1250000e-02   1.4819974e+00
  -4.6875000e-02   1.5625000e-02  -4.6875000e-02  -7.8125000e-03   3.0468750e-01   1.1718750e-01  -2.8906250e-01  -1.5625000e-02   1.4869974e+00
   4.6875000e-02  -7.0312500e-02  -7.8125000e-03   0.0000000e+00   1.5625000e-02  -2.3437500e-02  -1.0000000e+00  -7.8125000e-03   1.4919974e+00
   1.5625000e-02  -2.3437500e-01  -4.6875000e-02  -3.1250000e-02  -2.3437500e-02   1.4843750e-01   9.3750000e-02   2.3437500e-02   1.4969974e+00
   7.0312500e-02   1.7968750e-01   3.1250000e-02  -3.1250000e-02  -1.0156250e-01  -3.9062500e-02  -2.8906250e-01   7.0312500e-02   1.5019974e+00
   0.0000000e+00   1.8750000e-01   7.8125000e-03  -3.1250000e-02  -1.3281250e-01  -3.5156250e-01   2.0312500e-01  -7.8125000e-03   1.5069974e+00
  -6.2500000e-02   5.4687500e-02  -7.8125000e-03   0.0000000e+00  -1.1718750e-01   9.3750000e-02   0.0000000e+00  -1.0937500e-01   1.5119974e+00
   3.1250000e-02  -4.6875000e-02  -7.8125000e-03  -3.1250000e-02   3.1250000e-02   2.5000000e-01  -8.9062500e-01   3.1250000e-02   1.5169974e+00
   1.5625000e-02  -9.3750000e-02  -1.5625000e-02   1.5625000e-02  -7.0312500e-02  -3.6718750e-01  -1.2500000e-01  -1.4062500e-01   1.5219974e+00
  -4.6875000e-02   1.2500000e-01  -5.4687500e-02  -3.9062500e-02  -1.7187500e-01  -2.1875000e-01  -1.2500000e-01   0.0000000e+00   1.5269974e+00
   0.0000000e+00   3.9062500e-02   3.1250000e-02   4.6875000e-02   3.4375000e-01   1.6406250e-01   8.9062500e-01  -1.6406250e-01   1.5319974e+00
   2.3437500e-02   3.9062500e-02   7.8125000e-03  -2.3437500e-02  -2.8125000e-01   5.0781250e-01   7.0312500e-02   2.3437500e-02   1.5369974e+00
   3.1250000e-02  -1.3281250e-01  -3.1250000e-02  -2.3437500e-02   1.0156250e-01   0.0000000e+00   3.2031250e-01  -1.5625000e-02   1.5419974e+00
   6.2500000e-02   1.6406250e-01   2.3437500e-02   7.8125000e-03   1.0937500e-01   1.4843750e-01   1.2500000e-01   3.9843750e-01   1.5469974e+00
  -1.0937500e-01  -3.9843750e-01  -4.6875000e-02  -2.3437500e-02  -2.3437500e-02   3.9062500e-02   7.8125000e-03  -7.8125000e-02   1.5519974e+00
  -3.9062500e-02   7.0312500e-02  -1.0156250e-01   3.1250000e-02  -7.8125000e-03   1.4843750e-01   4.1406250e-01   7.8125000e-03   1.5569974e+00
  -1.5625000e-02   6.2500000e-02   4.6875000e-02  -1.5625000e-02   2.4218750e-01  -3.2812500e-01   1.4062500e-01  -1.0937500e-01   1.5619974e+00
  -3.1250000e-02  -5.4687500e-02   7.8125000e-03  -3.1250000e-02  -1.7968750e-01   1.4062500e-01   7.8125000e-02  -4.6875000e-02   1.5669974e+00
   8.5937500e-02   7.8125000e-02  -7.8125000e-03  -3.1250000e-02  -7.0312500e-02   3.9062500e-02  -2.0312500e-01   1.4843750e-01   1.5719974e+00
  -9.3750000e-02  -7.0312500e-02   1.5625000e-02   0.0000000e+00  -8.5937500e-02  -3.2812500e-01   7.8125000e-02  -1.4843750e-01   1.5769974e+00
   6.2500000e-02   2.1875000e-01   2.3437500e-02  -3.1250000e-02  -1.3281250e-01   2.5000000e-01  -5.8593750e-01   2.3437500e-01   1.5819974e+00
  -3.1250000e-02  -3.9062500e-02  -2.3437500e-02   0.0000000e+00   7.0312500e-02   2.2656250e-01   4.8437500e-01   2.3437500e-02   1.5869974e+00
  -1.0937500e-01  -1.0937500e-01  -5.4687500e-02  -4.6875000e-02  -1.9531250e-01  -2.0312500e-01   6.2500000e-01  -3.1250000e-02   1.5919974e+00
   3.1250000e-02  -1.4062500e-01   1.5625000e-02   5.4687500e-02   3.3593750e-01  -3.9062500e-02  -1.7968750e-01   1.0937500e-01   1.5969974e+00
   8.5937500e-02   6.3281250e-01   5.4687500e-02  -7.8125000e-03  -1.7187500e-01   1.5625000e-02  -2.7343750e-01   1.7187500e-01   1.6019974e+00
  -3.1250000e-02  -3.0468750e-01  -7.0312500e-02  -7.0312500e-02   1.5625000e-02  -3.0468750e-01  -2.1875000e-01  -3.8281250e-01   1.6069974e+00
  -3.1250000e-02   1.7968750e-01  -3.1250000e-02   3.9062500e-02   1.7187500e-01   5.5468750e-01   5.7812500e-01   9.3750000e-02   1.6119974e+00
  -1.5625000e-02   7.8125000e-03  -7.8125000e-03  -3.1250000e-02  -2.3437500e-02  -5.4687500e-02  -2.1875000e-01   3.2812500e-01   1.6169974e+00
  -7.0312500e-02  -2.3437500e-01  -7.8125000e-02  -5.4687500e-02  -1.4062500e-01   1.7187500e-01   5.2343750e-01   7.8125000e-03   1.6219974e+00
   7.0312500e-02   1.0156250e-01   1.5625000e-02   2.3437500e-02   2.3437500e-01   4.6875000e-02   2.1875000e-01   4.6875000e-01   1.6269974e+00
   1.5625000e-02  -5.4687500e-02   1.5625000e-02  -2.3437500e-02  -1.0156250e-01  -7.0312500e-02  -7.8906250e-01  -3.2031250e-01   1.6319974e+00
  -2.3437500e-02   5.4687500e-02   0.0000000e+00  -2.3437500e-02   1.4843750e-01   1.2500000e-01   7.2656250e-01  -5.4687500e-02   1.6369974e+00
   7.8125000e-03  -1.7968750e-01   0.0000000e+00  -2.3437500e-02  -1.2500000e-01  -1.0156250e-01  -1.0000000e+00   1.0156250e-01   1.6419974e+00
  -6.2500000e-02   5.4687500e-02  -3.1250000e-02  -7.8125000e-02  -2.5781250e-01  -4.3750000e-01   4.8437500e-01  -4.7656250e-01   1.6469974e+00
  -5.4687500e-02   4.6875000e-02  -3.1250000e-02   7.0312500e-02   7.0312500e-02  -2.3437500e-01  -2.1093750e-01   2.3437500e-02   1.6519974e+00
   1.5625000e-02  -3.9062500e-02   1.5625000e-02  -3.9062500e-02   1.0937500e-01   1.4843750e-01   4.6875000e-02   7.8125000e-02   1.6569974e+00
   0.0000000e+00  -1.1718750e-01  -7.8125000e-03  -1.5625000e-02   0.0000000e+00   0.0000000e+00   4.6875000e-01  -7.8125000e-03   1.6619974e+00
   0.0000000e+00  -1.4843750e-01  -3.1250000e-02  -3.1250000e-02  -2.1875000e-01   7.0312500e-02  -2.2656250e-01   2.1875000e-01   1.6669974e+00
  -7.8125000e-03   1.0937500e-01   2.3437500e-02   7.8125000e-03  -3.9062500e-02  -2.1875000e-01  -8.9062500e-01   0.0000000e+00   1.6719974e+00
  -2.3437500e-02   7.8125000e-03  -1.5625000e-02  -7.8125000e-03  -1.0937500e-01  -1.0937500e-01  -2.9687500e-01  -3.1250000e-01   1.6769974e+00
   0.0000000e+00  -1.9531250e-01  -6.2500000e-02  -2.3437500e-02   2.3437500e-02  -7.0312500e-02  -3.1250000e-02   7.0312500e-02   1.6819974e+00
  -5.4687500e-02   8.5937500e-02   7.8125000e-03   7.8125000e-03  -2.3437500e-02  -1.2500000e-01   1.4062500e-01  -3.9062500e-02   1.6869974e+00
   6.2500000e-02   1.5625000e-02  -7.8125000e-03  -3.1250000e-02  -1.0156250e-01  -1.3281250e-01   6.2500000e-02   2.5781250e-01   1.6919974e+00
  -7.8125000e-03   1.1718750e-01   3.1250000e-02   1.5625000e-02   7.8125000e-02   3.9062500e-02   1.7968750e-01  -1.0937500e-01   1.6969974e+00
   0.0000000e+00  -1.4062500e-01   0.0000000e+00  -3.1250000e-02  -7.0312500e-02  -3.1250000e-02  -5.4687500e-01  -1.9531250e-01   1.7019974e+00
  -1.9531250e-01  -1.2500000e-01  -1.5625000e-02   4.6875000e-02   3.8281250e-01   1.3281250e-01   4.6875000e-02  -2.8125000e-01   1.7069974e+00
   2.3437500e-02   1.2500000e-01  -4.6875000e-02  -4.6875000e-02   5.4687500e-02   1.5625000e-02   3.1250000e-01   7.8125000e-03   1.7119974e+00
   3.9062500e-02  -4.6875000e-02   7.8125000e-03   3.1250000e-02  -5.4687500e-02  -3.5937500e-01  -2.1093750e-01   8.5937500e-02   1.7169974e+00
  -3.9062500e-02   1.7187500e-01   3.1250000e-02  -3.1250000e-02  -3.1250000e-02   7.8125000e-02   3.6718750e-01  -7.0312500e-02   1.7219974e+00
   7.0312500e-02   5.4687500e-02   4.6875000e-02   0.0000000e+00  -3.9062500e-02   1.4843750e-01   3.1250000e-02   1.4062500e-01   1.7269974e+00
  -2.3437500e-02  -7.8125000e-02  -3.1250000e-02   2.3437500e-02  -4.6875000e-02   2.1875000e-01   9.3750000e-02  -1.9531250e-01   1.7319974e+00
  -1.0937500e-01  -1.8750000e-01  -7.0312500e-02  -1.5625000e-02   7.8125000e-02   1.8750000e-01  -7.5781250e-01  -1.8750000e-01   1.7369974e+00
   2.3437500e-02  -4.6875000e-02   1.5625000e-02   3.9062500e-02   1.8750000e-01   2.9687500e-01   2.1875000e-01  -7.0312500e-02   1.7419974e+00
   7.8125000e-03   7.8125000e-03  -3.1250000e-02  -6.2500000e-02  -1.4843750e-01   7.8125000e-03   9.3750000e-02  -4.6875000e-02   1.7469974e+00
  -1.5625000e-02  -7.8125000e-02   0.0000000e+00   7.8125000e-03   6.2500000e-02   5.4687500e-02  -1.9531250e-01   1.5625000e-02   1.7519974e+00
   2.3437500e-02   4.6875000e-02  -2.3437500e-02  -4.6875000e-02  -9.3750000e-02   5.4687500e-02   8.3593750e-01   1.3281250e-01   1.7569974e+00
   1.5625000e-02   6.2500000e-02   1.5625000e-02   3.1250000e-02   1.6406250e-01   2.9687500e-01   7.0312500e-02  -3.1250000e-02   1.7619974e+00
  -7.8125000e-03  -1.0156250e-01  -3.1250000e-02  -7.8125000e-03  -1.7968750e-01   1.0937500e-01  -3.9062500e-01  -1.5625000e-02   1.7669974e+00
   3.9062500e-02   5.4687500e-02   7.8125000e-03   3.1250000e-02   1.2500000e-01  -6.2500000e-02  -1.3281250e-01  -3.1250000e-02   1.7719974e+00
  -3.1250000e-02  -2.3437500e-02  -1.5625000e-02  -1.5625000e-02   9.3750000e-02  -3.0468750e-01  -5.4687500e-02   3.1250000e-02   1.7769974e+00
  -3.9062500e-02  -2.3437500e-02   0.0000000e+00   2.3437500e-02   0.0000000e+00   1.5625000e-02   4.5312500e-01  -1.6406250e-01   1.7819974e+00
   5.4687500e-02   2.3437500e-02  -1.5625000e-02  -7.8125000e-03  -6.2500000e-02  -3.6718750e-01   4.1406250e-01   2.1093750e-01   1.7869974e+00
  -7.8125000e-03  -2.3437500e-02   7.8125000e-03  -1.5625000e-02  -2.3437500e-02   3.9062500e-02  -3.7500000e-01   2.3437500e-02   1.7919974e+00
   3.1250000e-02  -3.1250000e-02  -7.8125000e-03  -1.5625000e-02  -2.0312500e-01   2.3437500e-02  -1.1718750e-01  -3.9062500e-02   1.7969974e+00
  -7.8125000e-03   0.0000000e+00  -1.5625000e-02  -4.6875000e-02  -2.9687500e-01  -4.6875000e-02  -7.8125000e-02   3.9062500e-02   1.8019974e+00
   4.6875000e-02   1.9531250e-01   7.0312500e-02   8.5937500e-02   1.4843750e-01   1.1718750e-01  -4.4531250e-01  -3.9062500e-02   1.8069974e+00
  -9.3750000e-02   1.1718750e-01  -2.3437500e-02  -1.1718750e-01  -3.9843750e-01  -2.0312500e-01   6.2500000e-02  -1.0156250e-01   1.8119974e+00
   1.1718750e-01  -7.8125000e-02  -7.8125000e-03   7.8125000e-02   2.7343750e-01  -2.5781250e-01   6.9531250e-01   3.3593750e-01   1.8169974e+00
   7.8125000e-03  -7.8125000e-02  -3.1250000e-02   7.8125000e-03   7.8125000e-02   7.8906250e-01  -7.8125000e-03  -3.9062500e-02   1.8219974e+00
  -1.5625000e-02  -9.3750000e-02   7.8125000e-03   7.8125000e-03  -7.8125000e-02  -7.0312500e-02  -2.5000000e-01   1.5625000e-02   1.8269974e+00
   3.1250000e-02  -3.1250000e-02  -7.8125000e-03   2.3437500e-02   3.2031250e-01  -1.0156250e-01   2.1875000e-01   2.1875000e-01   1.8319974e+00
   5.4687500e-02   7.8125000e-02   4.6875000e-02  -2.3437500e-02  -1.4062500e-01  -3.2031250e-01  -5.7031250e-01   1.4843750e-01   1.8369974e+00
  -2.3437500e-02  -2.3437500e-02  -2.3437500e-02  -7.8125000e-03   1.9531250e-01  -3.2812500e-01   7.8906250e-01   2.0312500e-01   1.8419974e+00
   2.3437500e-02  -1.1718750e-01   1.5625000e-02   7.0312500e-02   1.5625000e-02   5.1562500e-01  -3.5156250e-01  -4.6875000e-02   1.8469974e+00
  -7.8125000e-02  -4.6875000e-02  -6.2500000e-02  -6.2500000e-02  -1.5625000e-02   1.0156250e-01   2.6562500e-01   7.8125000e-02   1.8519974e+00
  -2.3437500e-02   6.2500000e-02  -7.8125000e-03  -2.3437500e-02   9.3750000e-02  -1.5625000e-01  -3.1250000e-01  -2.1093750e-01   1.8569974e+00
  -4.6875000e-02  -8.5937500e-02  -4.6875000e-02  -1.5625000e-02   2.3437500e-02  -1.0937500e-01  -2.2656250e-01   8.5937500e-02   1.8619974e+00
  -2.3437500e-02  -2.3437500e-02  -3.9062500e-02  -5.4687500e-02  -7.8125000e-02   4.6875000e-01   5.0781250e-01  -5.4687500e-02   1.8669974e+00
   3.9062500e-02   7.8125000e-03   2.3437500e-02  -3.9062500e-02  -1.3281250e-01  -4.4531250e-01   1.5625000e-02  -1.5625000e-02   1.8719974e+00
  -9.3750000e-02  -7.8125000e-02   2.3437500e-02   5.4687500e-02  -7.0312500e-02   3.0468750e-01   4.0625000e-01  -1.6406250e-01   1.8769974e+00
   2.3437500e-02   7.8125000e-03  -2.3437500e-02   0.0000000e+00   7.8125000e-03  -1.7187500e-01   7.0312500e-02   2.4218750e-01   1.8819974e+00
  -3.1250000e-02  -6.2500000e-02  -2.3437500e-02  -2.3437500e-02  -7.0312500e-02  -3.1250000e-01   4.3750000e-01  -3.9062500e-02   1.8869974e+00
   3.1250000e-02   5.4687500e-02  -1.5625000e-02  -2.3437500e-02   3.9062500e-02   2.1093750e-01   5.4687500e-02  -1.1718750e-01   1.8919974e+00
  -7.8125000e-03   1.0156250e-01   1.5625000e-02  -4.6875000e-02  -2.7343750e-01  -1.6406250e-01  -2.5000000e-01   1.5625000e-01   1.8969974e+00
  -9.3750000e-02  -1.7187500e-01   0.0000000e+00  -1.5625000e-02   3.7500000e-01  -2.1875000e-01   1.5625000e-02  -1.2500000e-01   1.9019974e+00
   3.9062500e-02   1.0937500e-01   3.1250000e-02   7.0312500e-02   1.9531250e-01   2.0312500e-01   3.4375000e-01  -1.6406250e-01   1.9069974e+00
  -2.3437500e-02  -8.5937500e-02  -3.9062500e-02  -3.1250000e-02  -1.0156250e-01   8.5937500e-02   7.0312500e-02   2.3437500e-02   1.9119974e+00
   0.0000000e+00   4.0625000e-01   3.9062500e-02   1.5625000e-02  -9.3750000e-02   8.5937500e-02  -7.8125000e-03  -5.4687500e-02   1.9169974e+00
  -7.8125000e-02   7.8125000e-03  -3.1250000e-02   1.5625000e-02  -2.3437500e-02   8.5937500e-02   6.7187500e-01  -1.0937500e-01   1.9219974e+00
   3.1250000e-02  -7.0312500e-02  -3.9062500e-02  -6.2500000e-02   7.8125000e-02   2.3437500e-02  -5.6250000e-01   1.1718750e-01   1.9269974e+00
  -2.3437500e-02  -2.9687500e-01  -5.4687500e-02   5.4687500e-02   1.6406250e-01   9.3750000e-02   3.3593750e-01   3.5937500e-01   1.9319974e+00
   1.5625000e-02   2.6562500e-01   3.9062500e-02   2.3437500e-02   7.8125000e-03  -6.2500000e-02  -6.4062500e-01  -1.1718750e-01   1.9369974e+00
   3.1250000e-02   9.3750000e-02   5.4687500e-02   7.8125000e-03  -1.2500000e-01  -1.7187500e-01  -1.7968750e-01  -9.3750000e-02   1.9419974e+00
   0.0000000e+00   7.1875000e-01   4.6875000e-02   7.8125000e-03   2.2656250e-01   0.0000000e+00   1.4843750e-01   7.8125000e-03   1.9469974e+00
  -3.1250000e-02  -2.5781250e-01  -1.5625000e-02  -2.3437500e-02  -3.1250000e-01   2.6562500e-01   2.4218750e-01  -5.4687500e-02   1.9519974e+00
  -3.1250000e-02  -2.1875000e-01  -4.6875000e-02   3.9062500e-02   2.1093750e-01   4.1406250e-01   8.5937500e-02   1.5625000e-02   1.9569974e+00
  -3.1250000e-02  -1.2500000e-01  -4.6875000e-02  -6.2500000e-02  -8.5937500e-02  -1.5625000e-01  -6.7968750e-01   8.5937500e-02   1.9619974e+00
   3.9062500e-02  -1.5625000e-01  -1.5625000e-02  -5.4687500e-02  -2.3437500e-01   1.4843750e-01  -2.1093750e-01   1.5625000e-02   1.9669974e+00
  -5.4687500e-02   1.7968750e-01   0.0000000e+00  -7.8125000e-03   1.0156250e-01  -1.2500000e-01   2.0312500e-01  -2.7343750e-01   1.9719974e+00
   5.4687500e-02   1.4062500e-01   7.8125000e-03  -7.8125000e-03  -3.9062500e-02  -2.3437500e-02  -2.3437500e-02  -8.5937500e-02   1.9769974e+00
  -4.6875000e-02  -3.0468750e-01   3.1250000e-02  -4.6875000e-02  -4.0625000e-01   2.3437500e-02   2.3437500e-01  -2.0312500e-01   1.9819974e+00
  -7.8125000e-03  -3.9062500e-01  -7.8125000e-02   7.8125000e-03   4.2187500e-01  -7.2656250e-01  -4.6093750e-01   4.6875000e-02   1.9869974e+00
   6.2500000e-02   2.3437500e-02   3.1250000e-02   2.3437500e-02   6.2500000e-02   7.8125000e-02  -6.5625000e-01   7.0312500e-02   1.9919974e+00
  -4.6875000e-02  -1.5625000e-01  -4.6875000e-02  -3.9062500e-02  -1.4843750e-01   4.0625000e-01   3.3593750e-01  -1.8750000e-01   1.9969974e+00
   4.6875000e-02   6.2500000e-02  -1.5625000e-02   3.1250000e-02   1.5625000e-02  -7.0312500e-02  -6.2500000e-02   7.0312500e-02   2.0019974e+00
  -1.5625000e-02   4.6875000e-02   0.0000000e+00  -9.3750000e-02  -3.1250000e-01  -4.6875000e-02   5.0781250e-01   3.1250000e-02   2.0069974e+00
  -5.4687500e-02  -2.2656250e-01  -3.1250000e-02   2.3437500e-02   4.6875000e-02  -1.6406250e-01  -2.5000000e-01  -1.4062500e-01   2.0119974e+00
   7.8125000e-03   8.5937500e-02  -1.5625000e-02  -6.2500000e-02   7.8125000e-02  -1.1718750e-01  -4.6093750e-01   7.8125000e-02   2.0169974e+00
   8.5937500e-02   2.2656250e-01   2.3437500e-02   0.0000000e+00  -1.4062500e-01   1.0937500e-01  -5.0781250e-01   2.0312500e-01   2.0219974e+00
  -7.8125000e-03  -1.2500000e-01  -3.1250000e-02  -7.0312500e-02  -4.1406250e-01   2.4218750e-01  -3.0468750e-01  -4.5312500e-01   2.0269974e+00
  -2.3437500e-02   2.0312500e-01  -2.3437500e-02   2.3437500e-02   5.2343750e-01   3.9062500e-01  -2.3437500e-02   1.2500000e-01   2.0319974e+00
  -4.6875000e-02  -1.4843750e-01   2.3437500e-02  -3.1250000e-02  -2.4218750e-01  -1.7187500e-01   3.9843750e-01  -8.5937500e-02   2.0369974e+00
   0.0000000e+00  -5.4687500e-02  -1.5625000e-02   4.6875000e-02   2.8906250e-01  -1.7187500e-01  -1.0156250e-01  -7.0312500e-02   2.0419974e+00
   7.8125000e-03  -2.3437500e-02   1.5625000e-02   1.5625000e-02  -6.2500000e-02   9.3750000e-02  -6.3281250e-01   0.0000000e+00   2.0469974e+00
   2.3437500e-02   2.1093750e-01   1.5625000e-02   2.3437500e-02  -5.4687500e-02  -7.8125000e-02  -1.2500000e-01  -7.8125000e-03   2.0519974e+00
  -6.2500000e-02  -4.6093750e-01  -8.5937500e-02  -8.5937500e-02  -2.5000000e-01  -2.3437500e-02   2.0312500e-01  -2.3437500e-02   2.0569974e+00
   7.0312500e-02   1.8750000e-01   2.3437500e-02   7.8125000e-03   1.1718750e-01   2.8125000e-01   6.7187500e-01   1.4062500e-01   2.0619974e+00
  -1.1718750e-01  -1.7187500e-01  -3.1250000e-02   1.5625000e-02   1.0937500e-01   1.2500000e-01  -2.5781250e-01   1.5625000e-01   2.0669974e+00
   1.5625000e-02  -5.4687500e-02   1.5625000e-02  -7.8125000e-02  -2.9687500e-01  -1.3281250e-01  -3.2812500e-01  -2.5000000e-01   2.0719974e+00
  -4.6875000e-02   5.4687500e-02  -5.4687500e-02   5.4687500e-02   3.3593750e-01   7.8125000e-03   2.1093750e-01  -8.5937500e-02   2.0769974e+00
  -3.1250000e-02   0.0000000e+00  -4.6875000e-02  -4.6875000e-02  -2.0312500e-01   1.2500000e-01   5.7812500e-01  -1.0156250e-01   2.0819974e+00
  -7.8125000e-03  -1.4843750e-01  -1.5625000e-02  -1.5625000e-02  -6.2500000e-02  -4.4531250e-01  -1.7968750e-01   3.9062500e-02   2.0869974e+00
   7.8125000e-03   8.5937500e-02   2.3437500e-02  -5.4687500e-02  -3.8281250e-01   1.0937500e-01   4.2968750e-01   7.8125000e-02   2.0919974e+00
  -2.3437500e-02  -1.4062500e-01  -7.8125000e-03   8.5937500e-02   5.0000000e-01   7.8125000e-03  -7.8125000e-02   1.3281250e-01   2.0969974e+00
   2.3437500e-02  -9.3750000e-02  -1.5625000e-02  -7.8125000e-03  -1.6406250e-01  -5.6250000e-01  -1.3281250e-01   2.7343750e-01   2.1019974e+00
  -3.9062500e-02   1.7187500e-01   0.0000000e+00   7.8125000e-03   3.1250000e-02  -7.8125000e-03  -1.6406250e-01  -2.5781250e-01   2.1069974e+00
  -7.8125000e-03   8.5937500e-02   7.8125000e-03   7.8125000e-03  -3.1250000e-02  -1.5625000e-01   2.3437500e-02   1.5625000e-02   2.1119974e+00
  -1.5625000e-02  -3.9843750e-01  -3.1250000e-02  -2.3437500e-02  -2.4218750e-01   2.8125000e-01   4.0625000e-01  -1.0937500e-01   2.1169974e+00
  -3.1250000e-02  -9.3750000e-02   3.9062500e-02   3.9062500e-02  -1.4062500e-01   6.2500000e-02  -4.8437500e-01  -9.3750000e-02   2.1219974e+00
   0.0000000e+00   3.9062500e-02  -2.3437500e-02  -1.5625000e-02   2.3437500e-02  -2.1093750e-01   3.1250000e-02   1.4843750e-01   2.1269974e+00
   5.4687500e-02   1.5625000e-02   1.5625000e-02   6.2500000e-02   5.5468750e-01  -2.7343750e-01   1.4062500e-01  -1.1718750e-01   2.1319974e+00
  -3.1250000e-02   1.7187500e-01   0.0000000e+00  -1.5625000e-02  -1.0156250e-01  -1.0937500e-01   3.1250000e-02   1.5625000e-01   2.1369974e+00
  -6.2500000e-02   6.2500000e-02   7.8125000e-03  -2.3437500e-02   0.0000000e+00   3.4375000e-01  -4.2187500e-01  -3.3593750e-01   2.1419974e+00
   0.0000000e+00   7.8125000e-02   7.8125000e-03  -1.5625000e-02  -1.5625000e-01   7.8125000e-03   9.8437500e-01   2.1093750e-01   2.1469974e+00
  -1.5625000e-02  -4.6875000e-02  -7.8125000e-03  -1.5625000e-02  -2.5781250e-01   2.1875000e-01  -3.9843750e-01  -6.2500000e-02   2.1519974e+00
   0.0000000e+00   2.3437500e-02  -7.8125000e-03  -2.3437500e-02   1.2500000e-01  -7.0312500e-02  -2.5000000e-01   8.5937500e-02   2.1569974e+00
  -4.6875000e-02  -8.5937500e-02  -6.2500000e-02   3.9062500e-02   3.2812500e-01  -2.2656250e-01  -5.4687500e-02   6.2500000e-02   2.1619974e+00
   0.0000000e+00   3.9062500e-02   3.1250000e-02   7.8125000e-03   1.0156250e-01   1.1718750e-01  -6.7968750e-01   1.5625000e-01   2.1669974e+00
  -1.5625000e-02  -3.1250000e-02  -7.8125000e-03  -3.1250000e-02  -1.5625000e-02  -2.3437500e-01   3.2031250e-01   0.0000000e+00   2.1719974e+00
  -7.8125000e-03   9.3750000e-02   3.9062500e-02   3.1250000e-02  -1.5625000e-02  -1.7968750e-01   1.8750000e-01  -7.8125000e-02   2.1769974e+00
   1.5625000e-02   0.0000000e+00  -6.2500000e-02  -8.5937500e-02  -2.1093750e-01   4.2968750e-01  -6.2500000e-02   1.8750000e-01   2.1819974e+00
  -1.5625000e-02  -7.8125000e-03   7.8125000e-03   7.8125000e-03   1.4062500e-01  -1.5625000e-02   1.5625000e-02  -2.5781250e-01   2.1869974e+00
   1.5625000e-02  -4.6875000e-02  -3.1250000e-02  -7.8125000e-03  -2.3437500e-02   2.9687500e-01   1.9531250e-01   7.0312500e-02   2.1919974e+00
   7.8125000e-03  -1.4062500e-01  -2.3437500e-02  -7.0312500e-02  -1.7187500e-01   7.8125000e-03  -1.0156250e-01   3.5156250e-01   2.1969974e+00
   1.5625000e-02   2.6562500e-01   3.9062500e-02   3.1250000e-02  -1.0156250e-01  -1.5625000e-02   1.5625000e-02  -1.3281250e-01   2.2019974e+00
   7.8125000e-03   2.2656250e-01   0.0000000e+00   0.0000000e+00   6.2500000e-02   2.0312500e-01   6.1718750e-01  -7.8125000e-02   2.2069974e+00
   7.8125000e-03   4.6875000e-02   7.8125000e-03  -4.6875000e-02  -2.5781250e-01  -1.9531250e-01  -3.4375000e-01   2.3437500e-02   2.2119974e+00
   1.5625000e-02   6.2500000e-02   0.0000000e+00   6.2500000e-02   2.5781250e-01   2.4218750e-01  -2.3437500e-01  -3.2812500e-01   2.2169974e+00
  -7.8125000e-03   3.9062500e-02  -2.3437500e-02   0.0000000e+00  -1.0937500e-01   7.8125000e-03   1.1718750e-01   2.3437500e-01   2.2219974e+00
   0.0000000e+00  -8.5937500e-02   7.8125000e-03   7.8125000e-03   1.5625000e-01   1.6406250e-01  -7.8125000e-03  -1.3281250e-01   2.2269974e+00
  -7.8125000e-03  -9.3750000e-02  -2.3437500e-02  -5.4687500e-02  -2.5781250e-01   7.8125000e-03   1.0937500e-01  -4.6875000e-02   2.2319974e+00
  -7.8125000e-03   7.8125000e-02  -7.8125000e-03  -3.1250000e-02  -1.1718750e-01  -3.1250000e-02  -1.2500000e-01   3.9062500e-02   2.2369974e+00
  -1.5625000e-02  -3.9062500e-02   3.1250000e-02   1.5625000e-02   1.2500000e-01   7.8125000e-03  -1.0156250e-01  -1.7968750e-01   2.2419974e+00
   3.1250000e-02  -8.5937500e-02  -7.8125000e-03   1.5625000e-02  -1.1718750e-01   3.1250000e-02  -1.7968750e-01  -7.8125000e-02   2.2469974e+00
  -5.4687500e-02   6.2500000e-02  -2.3437500e-02  -3.1250000e-02   1.7968750e-01  -7.0312500e-02   1.4843750e-01  -9.3750000e-02   2.2519974e+00
  -2.3437500e-02   3.9062500e-02  -3.9062500e-02  -7.8125000e-03   1.1718750e-01   2.2656250e-01   1.2500000e-01   1.0156250e-01   2.2569974e+00
   4.6875000e-02  -8.5937500e-02   3.1250000e-02   6.2500000e-02   2.4218750e-01  -1.8750000e-01  -1.6406250e-01   1.4062500e-01   2.2619974e+00
  -1.0156250e-01  -1.8750000e-01  -4.6875000e-02  -3.9062500e-02   0.0000000e+00   1.4843750e-01   8.7500000e-01  -3.4375000e-01   2.2669974e+00
   7.8125000e-03  -7.8125000e-02  -7.8125000e-03   6.2500000e-02   3.5156250e-01   3.5156250e-01  -1.5625000e-02   3.5937500e-01   2.2719974e+00
   2.3437500e-02   5.4687500e-02  -7.8125000e-03   7.8125000e-03   2.1093750e-01  -7.0312500e-02   7.0312500e-02  -3.1250000e-01   2.2769974e+00
  -1.5625000e-02  -5.4687500e-02  -2.3437500e-02  -6.2500000e-02  -9.3750000e-02  -1.5625000e-01   0.0000000e+00  -5.0000000e-01   2.2819974e+00
   2.3437500e-02  -2.3437500e-02  -3.9062500e-02   1.5625000e-02   1.5625000e-02   0.0000000e+00   4.8437500e-01   5.5468750e-01   2.2869974e+00
  -6.2500000e-02   0.0000000e+00  -3.9062500e-02   0.0000000e+00  -7.8125000e-02  -1.5625000e-02   4.3750000e-01   1.7968750e-01   2.2919974e+00
   8.5937500e-02   1.7187500e-01   3.9062500e-02  -3.9062500e-02  -2.6562500e-01  -2.8125000e-01  -3.6718750e-01   7.0312500e-02   2.2969974e+00
  -1.5625000e-02  -6.2500000e-02  -1.5625000e-02   2.3437500e-02   1.9531250e-01   2.5781250e-01  -7.8125000e-03  -1.7187500e-01   2.3019974e+00
  -4.6875000e-02   3.1250000e-02   1.5625000e-02   1.5625000e-02   1.4062500e-01   1.7968750e-01  -4.6875000e-02  -1.2500000e-01   2.3069974e+00
   2.3437500e-02  -1.3281250e-01  -7.8125000e-03  -3.9062500e-02  -2.0312500e-01   7.0312500e-02  -2.9687500e-01   9.3750000e-02   2.3119974e+00
  -8.5937500e-02  -6.2500000e-02  -1.5625000e-02  -7.8125000e-03  -7.0312500e-02  -8.5937500e-02  -3.7500000e-01   9.3750000e-02   2.3169974e+00
  -3.9062500e-02  -2.1093750e-01  -3.9062500e-02  -6.2500000e-02  -3.1250000e-02   5.4687500e-02  -4.6875000e-02  -9.3750000e-02   2.3219974e+00
   1.5625000e-02   3.6718750e-01   2.3437500e-02  -3.1250000e-02  -2.2656250e-01  -1.7968750e-01  -1.8750000e-01   9.3750000e-02   2.3269974e+00
  -3.9062500e-02  -9.3750000e-02  -7.8125000e-03   7.8125000e-03   8.5937500e-02  -3.9062500e-02   1.1718750e-01  -1.2500000e-01   2.3319974e+00
  -3.1250000e-02  -1.7187500e-01  -2.3437500e-02   7.8125000e-03   7.8125000e-03  -6.2500000e-02   2.1093750e-01   1.6406250e-01   2.3369974e+00
  -7.8125000e-03   1.6406250e-01   2.3437500e-02   7.8125000e-03  -1.2500000e-01  -5.4687500e-02  -1.5625000e-01  -1.7187500e-01   2.3419974e+00
   2.3437500e-02   3.1250000e-02   1.5625000e-02  -6.2500000e-02  -1.4843750e-01   4.6875000e-02  -1.0000000e+00   1.2500000e-01   2.3469974e+00
   3.1250000e-02   1.9531250e-01   7.8125000e-03   6.2500000e-02   2.5781250e-01  -7.8125000e-03   3.0468750e-01   1.0156250e-01   2.3519974e+00
   4.6875000e-02   8.5937500e-02  -3.1250000e-02  -4.6875000e-02  -2.0312500e-01  -1.0156250e-01  -3.2031250e-01   2.1093750e-01   2.3569974e+00
  -7.8125000e-03   3.1250000e-02  -4.6875000e-02  -7.8125000e-03   1.5625000e-02  -4.3750000e-01   2.9687500e-01  -2.5000000e-01   2.3619974e+00
   2.3437500e-02  -1.4062500e-01   7.8125000e-03   7.8125000e-03  -1.1718750e-01   1.2500000e-01   1.0937500e-01   1.4062500e-01   2.3669974e+00
  -1.5625000e-02  -7.8125000e-03   7.8125000e-03   1.5625000e-02   1.5625000e-01  -7.8125000e-02  -2.8906250e-01  -1.0937500e-01   2.3719974e+00
  -5.4687500e-02   7.8125000e-02   0.0000000e+00  -7.8125000e-03  -1.5625000e-02   1.0937500e-01   5.8593750e-01  -6.2500000e-02   2.3769974e+00
   2.3437500e-02  -1.0937500e-01   7.8125000e-03   7.8125000e-03   7.8125000e-03   7.8125000e-02   3.0468750e-01   2.8906250e-01   2.3819974e+00
   7.8125000e-03  -1.0156250e-01  -2.3437500e-02  -2.3437500e-02   1.0156250e-01  -2.8906250e-01   1.5625000e-01  -1.5625000e-01   2.3869974e+00
   1.5625000e-02   1.8750000e-01   3.9062500e-02  -9.3750000e-02  -1.7187500e-01  -4.9218750e-01   3.8281250e-01   2.3437500e-01   2.3919974e+00
   3.9062500e-02   1.4062500e-01   3.1250000e-02   5.4687500e-02   1.0937500e-01   0.0000000e+00   1.1718750e-01  -1.1718750e-01   2.3969974e+00
  -1.0937500e-01   0.0000000e+00  -4.6875000e-02  -4.6875000e-02   2.3437500e-02   4.7656250e-01  -6.7968750e-01  -7.0312500e-02   2.4019974e+00
  -3.1250000e-02  -1.8750000e-01  -3.9062500e-02   3.9062500e-02   7.8125000e-03   2.3437500e-02   2.0312500e-01   3.9062500e-02   2.4069974e+00
  -1.0937500e-01  -1.7968750e-01  -5.4687500e-02  -5.4687500e-02  -9.3750000e-02   8.5937500e-02   5.9375000e-01  -3.9062500e-01   2.4119974e+00
   3.1250000e-02  -8.5937500e-02  -7.8125000e-03   0.0000000e+00   8.5937500e-02  -3.9062500e-02  -4.6875000e-02  -2.8125000e-01   2.4169974e+00
   3.1250000e-02   2.9687500e-01   7.0312500e-02   2.3437500e-02   0.0000000e+00   2.1093750e-01  -8.5937500e-02   1.7187500e-01   2.4219974e+00
  -8.5937500e-02  -1.3281250e-01   0.0000000e+00   0.0000000e+00  -1.4843750e-01  -7.8125000e-03   2.7343750e-01  -1.5625000e-01   2.4269974e+00
   3.1250000e-02   4.6875000e-02  -3.1250000e-02   7.8125000e-03   4.6875000e-02   0.0000000e+00  -6.2500000e-01   2.8906250e-01   2.4319974e+00
  -1.5625000e-02  -1.8750000e-01  -1.5625000e-02  -3.1250000e-02  -1.4062500e-01  -6.4062500e-01  -2.5781250e-01  -2.0312500e-01   2.4369974e+00
  -5.4687500e-02  -1.3281250e-01  -4.6875000e-02   0.0000000e+00   1.0156250e-01   3.1250000e-01   4.9218750e-01  -2.1093750e-01   2.4419974e+00
   7.0312500e-02   1.4062500e-01   3.1250000e-02  -2.3437500e-02  -7.0312500e-02  -2.0312500e-01   2.8125000e-01   7.0312500e-02   2.4469974e+00
   2.3437500e-02  -1.4843750e-01   5.4687500e-02   5.4687500e-02   2.5781250e-01  -3.1250000e-02  -2.5000000e-01   7.8125000e-03   2.4519974e+00
   2.3437500e-02   9.3750000e-02   1.5625000e-02  -7.8125000e-03  -1.8750000e-01   1.3281250e-01   1.4062500e-01   1.5625000e-01   2.4569974e+00
  -3.9062500e-02   3.9062500e-02  -1.5625000e-02  -7.8125000e-03   0.0000000e+00  -7.0312500e-01   2.0312500e-01   7.8125000e-03   2.4619974e+00
   0.0000000e+00  -7.8125000e-02  -8.5937500e-02  -4.6875000e-02   2.2656250e-01  -1.5625000e-02  -3.1250000e-01   4.7656250e-01   2.4669974e+00
   3.9062500e-02   1.1718750e-01   2.3437500e-02   7.8125000e-03  -2.2656250e-01   3.9843750e-01   1.7968750e-01  -8.5937500e-02   2.4719974e+00
  -5.4687500e-02  -1.4062500e-01  -7.8125000e-03   1.5625000e-02  -1.3281250e-01  -8.5937500e-02  -1.5625000e-02   4.6875000e-02   2.4769974e+00
   1.6406250e-01   2.2656250e-01   3.1250000e-02   2.3437500e-02   9.3750000e-02   1.6406250e-01   2.2656250e-01   1.5625000e-01   2.4819974e+00
  -9.3750000e-02  -8.5937500e-02  -3.9062500e-02  -1.5625000e-02   0.0000000e+00  -5.4687500e-02  -3.9062500e-02  -3.5156250e-01   2.4869974e+00
  -4.6875000e-02  -7.0312500e-02  -2.3437500e-02  -7.8125000e-03  -7.0312500e-02  -1.8750000e-01  -7.6562500e-01  -5.4687500e-02   2.4919974e+00
   7.8125000e-03   2.0312500e-01  -7.8125000e-03   6.2500000e-02   8.0468750e-01   6.4062500e-01   7.8906250e-01  -7.0312500e-02   2.4969974e+00
  -5.4687500e-02  -2.8125000e-01   3.9062500e-02  -3.9062500e-02  -3.2812500e-01  -3.1250000e-02  -3.9843750e-01  -1.1718750e-01   2.5019974e+00
   8.5937500e-02   1.7187500e-01   7.8125000e-03  -7.8125000e-03  -1.4843750e-01  -7.4218750e-01  -5.4687500e-02   1.2500000e-01   2.5069974e+00
  -1.5625000e-02   7.8125000e-03  -3.9062500e-02  -1.5625000e-02   0.0000000e+00  -7.8125000e-03   1.5625000e-02  -3.0468750e-01   2.5119974e+00
  -5.4687500e-02  -3.9062500e-02  -1.5625000e-02  -3.1250000e-02  -1.9531250e-01   1.0156250e-01   7.0312500e-02   4.6875000e-02   2.5169974e+00
  -4.6875000e-02  -1.7968750e-01  -5.4687500e-02  -7.8125000e-03  -5.4687500e-02  -1.5625000e-01   1.5625000e-02   7.8125000e-02   2.5219974e+00
  -3.1250000e-02  -1.6406250e-01   7.8125000e-03   7.8125000e-03   1.7968750e-01  -5.4687500e-02  -3.5937500e-01  -1.9531250e-01   2.5269974e+00
  -2.3437500e-02  -6.2500000e-02  -1.5625000e-02   1.5625000e-02   9.3750000e-02  -4.6875000e-01  -1.7187500e-01  -4.5312500e-01   2.5319974e+00
   1.5625000e-02   5.4687500e-02   2.3437500e-02  -7.8125000e-03  -2.2656250e-01   1.5625000e-01  -3.9843750e-01   5.4687500e-02   2.5369974e+00
   0.0000000e+00   4.6875000e-02   0.0000000e+00   7.8125000e-03   2.1093750e-01   5.4687500e-02   4.2187500e-01  -6.2500000e-02   2.5419974e+00
   4.6875000e-02   2.3437500e-02  -1.5625000e-02   3.1250000e-02  -8.5937500e-02   4.8437500e-01  -1.7187500e-01   1.1718750e-01   2.5469974e+00
  -3.9062500e-02   4.6875000e-02   7.8125000e-03  -7.8125000e-03  -3.1250000e-02   5.4687500e-02   6.2500000e-01  -1.6406250e-01   2.5519974e+00
  -1.0937500e-01  -9.3750000e-02  -4.6875000e-02  -7.0312500e-02  -2.3437500e-02  -5.2343750e-01  -3.6718750e-01  -1.0937500e-01   2.5569974e+00
   7.8125000e-03  -1.3281250e-01  -2.3437500e-02  -3.9062500e-02  -1.0156250e-01   9.3750000e-02   1.5625000e-02   1.3281250e-01   2.5619974e+00
   3.9062500e-02  -3.9062500e-02   7.8125000e-03   2.3437500e-02  -1.5625000e-02   1.7968750e-01   1.4062500e-01   7.8125000e-02   2.5669974e+00
  -3.9062500e-02   1.5625000e-02  -3.1250000e-02  -1.5625000e-02   7.8125000e-03  -7.0312500e-02   4.1406250e-01  -1.0156250e-01   2.5719974e+00
   7.8125000e-03   7.0312500e-02  -2.3437500e-02  -7.0312500e-02  -1.7187500e-01  -9.3750000e-02  -4.6093750e-01  -4.1406250e-01   2.5769974e+00
  -1.5625000e-02  -7.8125000e-03   1.5625000e-02   7.8125000e-03  -1.4843750e-01   2.2656250e-01   3.2812500e-01   1.5625000e-01   2.5819974e+00
   2.3437500e-02   2.3437500e-02  -1.5625000e-02  -7.8125000e-03   2.3437500e-01  -1.7968750e-01  -7.5000000e-01  -4.6875000e-01   2.5869974e+00
  -5.4687500e-02  -1.7187500e-01  -3.1250000e-02  -1.5625000e-02  -1.7968750e-01   1.6406250e-01   5.2343750e-01   3.2812500e-01   2.5919974e+00
   4.6875000e-02   1.5625000e-02   7.8125000e-03  -7.8125000e-03   3.1250000e-02   4.6875000e-02  -3.9062500e-01   1.0156250e-01   2.5969974e+00
   2.3437500e-02   1.1718750e-01   0.0000000e+00   7.8125000e-03  -6.2500000e-02  -1.2500000e-01   4.1406250e-01   1.2500000e-01   2.6019974e+00
  -3.9062500e-02  -7.8125000e-02   7.8125000e-03  -5.4687500e-02  -2.1875000e-01  -1.7968750e-01  -4.5312500e-01  -5.8593750e-01   2.6069974e+00
   1.5625000e-02  -7.8125000e-03  -7.8125000e-03  -7.8125000e-03   1.3281250e-01   2.3437500e-01  -3.7500000e-01  -2.3437500e-02   2.6119974e+00
   0.0000000e+00  -1.3281250e-01  -7.8125000e-03   7.8125000e-03  -1.0937500e-01  -1.7968750e-01   3.9062500e-01   1.4843750e-01   2.6169974e+00
  -3.1250000e-02  -7.8125000e-02  -2.3437500e-02  -2.3437500e-02   4.6875000e-02  -4.2968750e-01  -9.3750000e-02   1.1718750e-01   2.6219974e+00
  -5.4687500e-02   1.7968750e-01   0.0000000e+00   1.5625000e-02   2.5000000e-01   5.4687500e-02   2.3437500e-02   3.9062500e-02   2.6269974e+00
   4.6875000e-02  -1.5625000e-01  -1.5625000e-02  -3.9062500e-02  -1.0156250e-01   1.4062500e-01  -3.6718750e-01   9.3750000e-02   2.6319974e+00
  -7.8125000e-02   2.3437500e-02  -1.5625000e-02  -1.5625000e-02  -9.3750000e-02   7.8125000e-02   4.5312500e-01   2.3437500e-02   2.6369974e+00
   7.8125000e-03   3.1250000e-02  -1.5625000e-02   4.6875000e-02   3.2812500e-01   3.6718750e-01   0.0000000e+00   8.5937500e-02   2.6419974e+00
  -7.8125000e-03   3.9062500e-02   5.4687500e-02   0.0000000e+00  -7.0312500e-02   3.1250000e-02   3.9062500e-01  -7.8125000e-03   2.6469974e+00
  -4.6875000e-02   1.3281250e-01  -7.8125000e-02  -7.8125000e-03  -3.9062500e-02  -7.0312500e-02  -4.1406250e-01   3.9062500e-02   2.6519974e+00
  -3.1250000e-02  -3.2812500e-01   7.8125000e-03  -3.1250000e-02  -1.0937500e-01  -2.8125000e-01   7.8125000e-02   3.2031250e-01   2.6569974e+00
   3.9062500e-02   3.2812500e-01  -7.8125000e-03  -1.5625000e-02   2.3437500e-02  -4.8437500e-01  -3.2031250e-01   6.2500000e-02   2.6619974e+00
  -2.3437500e-02  -1.4843750e-01  -3.9062500e-02   7.8125000e-03   8.5937500e-02   1.1718750e-01   8.1250000e-01   1.2500000e-01   2.6669974e+00
  -7.8125000e-03  -3.1250000e-02   2.3437500e-02   0.0000000e+00  -8.5937500e-02  -3.2031250e-01  -5.3125000e-01   0.0000000e+00   2.6719974e+00
   6.2500000e-02   2.3437500e-02   0.0000000e+00   7.8125000e-03  -7.8125000e-02   1.7968750e-01   4.1406250e-01  -3.1250000e-02   2.6769974e+00
  -5.4687500e-02  -1.0937500e-01  -7.8125000e-02  -3.9062500e-02   2.8906250e-01  -3.9062500e-02   1.0156250e-01  -4.0625000e-01   2.6819974e+00
  -3.1250000e-02   0.0000000e+00  -2.3437500e-02   2.3437500e-02  -4.6875000e-02   1.6406250e-01   6.7968750e-01   3.7500000e-01   2.6869974e+00
   7.0312500e-02  -2.3437500e-02   7.8125000e-03  -3.1250000e-02  -3.9062500e-02  -6.2500000e-02  -5.8593750e-01   7.8125000e-02   2.6919974e+00
  -1.5625000e-02  -3.1250000e-02  -5.4687500e-02  -4.6875000e-02  -1.5625000e-01   2.1093750e-01   2.8906250e-01   1.2500000e-01   2.6969974e+00
   3.1250000e-02   0.0000000e+00   7.8125000e-02   2.3437500e-02  -1.7968750e-01  -5.3906250e-01  -1.7187500e-01  -4.6875000e-01   2.7019974e+00
  -6.2500000e-02   0.0000000e+00  -4.6875000e-02  -2.3437500e-02  -1.5625000e-02   2.8125000e-01  -8.5937500e-02   2.7343750e-01   2.7069974e+00
  -1.5625000e-02   7.8125000e-03  -2.3437500e-02   7.8125000e-03   7.8125000e-03   2.2656250e-01   2.7343750e-01   1.0156250e-01   2.7119974e+00
  -6.2500000e-02   1.5625000e-02   7.8125000e-03  -2.3437500e-02   7.8125000e-03   2.4218750e-01   5.3906250e-01  -5.5468750e-01   2.7169974e+00
   1.5625000e-02  -3.1250000e-02  -7.8125000e-02  -6.2500000e-02  -1.0937500e-01   5.6250000e-01  -9.3750000e-01   5.8593750e-01   2.7219974e+00
   7.0312500e-02  -1.5625000e-02  -7.8125000e-03  -3.9062500e-02  -1.0937500e-01   1.5625000e-02   1.7968750e-01   7.8125000e-03   2.7269974e+00
  -3.9062500e-02  -7.8125000e-03   1.5625000e-02   0.0000000e+00  -1.0156250e-01  -8.5937500e-02   3.5937500e-01   1.3281250e-01   2.7319974e+00
   2.3437500e-02  -1.6406250e-01  -7.8125000e-03   3.9062500e-02   1.6406250e-01   1.4062500e-01  -1.2500000e-01   1.9531250e-01   2.7369974e+00
  -2.3437500e-02   1.4843750e-01   1.5625000e-02  -1.5625000e-02  -2.5000000e-01   3.9062500e-02  -6.2500000e-02   8.5937500e-02   2.7419974e+00
  -1.0937500e-01  -1.7187500e-01  -5.4687500e-02  -1.5625000e-02   2.5000000e-01   1.0156250e-01  -1.1718750e-01  -4.0625000e-01   2.7469974e+00
   4.6875000e-02   1.2500000e-01   2.3437500e-02   1.5625000e-02  -4.6875000e-02   2.1093750e-01   1.1718750e-01   3.1250000e-01   2.7519974e+00
   0.0000000e+00   4.4531250e-01  -7.8125000e-03   0.0000000e+00  -7.8125000e-03  -4.1406250e-01  -3.5937500e-01  -1.6406250e-01   2.7569974e+00
  -5.4687500e-02  -3.2812500e-01  -7.8125000e-03  -8.5937500e-02   2.3437500e-02   7.0312500e-02   7.1875000e-01  -1.3281250e-01   2.7619974e+00
   4.6875000e-02   5.4687500e-02  -3.1250000e-02  -3.1250000e-02  -3.9062500e-01  -9.3750000e-02  -2.3437500e-01   3.7500000e-01   2.7669974e+00
  -1.5625000e-02  -4.6875000e-02   2.3437500e-02   1.5625000e-02   1.1718750e-01   2.1875000e-01   3.8281250e-01  -7.8125000e-02   2.7719974e+00
  -2.3437500e-02  -1.2500000e-01  -3.1250000e-02  -1.5625000e-02  -5.4687500e-02  -3.6718750e-01   2.7343750e-01  -4.8437500e-01   2.7769974e+00
  -9.3750000e-02   5.4687500e-02   3.1250000e-02   8.5937500e-02  -4.6875000e-02  -2.1875000e-01  -3.8281250e-01   1.4062500e-01   2.7819974e+00
   0.0000000e+00  -3.1250000e-02  -3.9062500e-02  -8.5937500e-02  -2.6562500e-01  -4.6875000e-02   7.2656250e-01  -2.9687500e-01   2.7869974e+00
  -1.0156250e-01  -3.1250000e-02   7.8125000e-03  -3.9062500e-02  -3.9062500e-02  -3.3593750e-01  -6.1718750e-01  -1.6406250e-01   2.7919974e+00
   7.8125000e-03   3.9062500e-02   1.5625000e-02  -3.9062500e-02  -1.7187500e-01   3.8281250e-01   4.6093750e-01  -1.2500000e-01   2.7969974e+00
  -7.8125000e-03   2.3437500e-02  -3.9062500e-02   3.9062500e-02   2.4218750e-01   3.7500000e-01   8.5937500e-01  -1.3281250e-01   2.8019974e+00
   4.6875000e-02  -7.8125000e-03   7.8125000e-03   1.5625000e-02  -1.2500000e-01  -4.0625000e-01  -5.2343750e-01   6.2500000e-01   2.8069974e+00
  -6.2500000e-02  -3.1250000e-02  -3.1250000e-02  -2.3437500e-02   1.7968750e-01   3.3593750e-01   9.2187500e-01  -3.6718750e-01   2.8119974e+00
   1.5625000e-02  -7.8125000e-03  -3.9062500e-02  -1.5625000e-02   7.8125000e-03   2.3437500e-02  -8.5937500e-02   4.2187500e-01   2.8169974e+00
  -8.5937500e-02  -7.0312500e-02  -7.8125000e-03  -6.2500000e-02  -2.9687500e-01   7.8125000e-03  -7.2656250e-01  -5.7031250e-01   2.8219974e+00
  -3.9062500e-02  -7.8125000e-03   1.5625000e-02   3.1250000e-02   2.5781250e-01  -3.1250000e-02  -1.7968750e-01  -2.1093750e-01   2.8269974e+00
  -7.8125000e-03  -3.9062500e-02  -1.5625000e-02  -5.4687500e-02  -2.5000000e-01  -4.6875000e-01   2.0312500e-01  -1.3281250e-01   2.8319974e+00
   2.3437500e-02   3.1250000e-02   1.5625000e-02   1.5625000e-02  -8.5937500e-02   4.2187500e-01   3.1250000e-02   4.6875000e-02   2.8369974e+00
   4.6875000e-02   7.8125000e-03   7.8125000e-03   1.5625000e-02   1.4843750e-01  -1.7187500e-01  -1.0156250e-01   5.4687500e-01   2.8419974e+00
  -3.1250000e-02   3.9062500e-02   1.5625000e-02  -1.5625000e-02   1.4062500e-01   2.6562500e-01   4.4531250e-01  -8.5937500e-01   2.8469974e+00
   3.9062500e-02  -1.9531250e-01  -3.9062500e-02   7.8125000e-03  -5.4687500e-02  -7.8125000e-03  -3.9062500e-01   3.2812500e-01   2.8519974e+00
  -5.4687500e-02  -2.1093750e-01  -4.6875000e-02  -3.1250000e-02  -1.5625000e-02   7.8125000e-02   3.8281250e-01   1.5625000e-02   2.8569974e+00
  -2.3437500e-02   3.8281250e-01   2.3437500e-02  -2.3437500e-02   7.8125000e-02  -4.6875000e-02   2.3437500e-01  -4.6093750e-01   2.8619974e+00
  -7.8125000e-03   0.0000000e+00   3.1250000e-02   0.0000000e+00  -1.5625000e-01   1.4843750e-01   8.8281250e-01   1.7968750e-01   2.8669974e+00
   3.9062500e-02   7.8125000e-02  -1.5625000e-02   3.9062500e-02   1.9531250e-01  -2.7343750e-01  -2.2656250e-01   0.0000000e+00   2.8719974e+00
  -2.3437500e-02  -1.4843750e-01  -1.5625000e-02   7.8125000e-03   1.2500000e-01   1.2500000e-01  -2.5000000e-01   3.3593750e-01   2.8769974e+00
   7.8125000e-03  -4.6875000e-02   0.0000000e+00   0.0000000e+00  -2.5781250e-01  -2.3437500e-02   9.7656250e-01   1.0937500e-01   2.8819974e+00
   3.1250000e-02   1.5625000e-01   7.8125000e-03   1.5625000e-02   3.4375000e-01  -2.5000000e-01  -8.7500000e-01   3.0468750e-01   2.8869974e+00
  -7.0312500e-02  -1.7187500e-01   0.0000000e+00   7.8125000e-03   7.8125000e-03   1.9531250e-01  -1.1718750e-01  -3.5156250e-01   2.8919974e+00
  -3.9062500e-02   1.7968750e-01  -3.1250000e-02  -3.9062500e-02   7.8125000e-03  -5.2343750e-01  -3.3593750e-01   1.1718750e-01   2.8969974e+00
   2.3437500e-02  -1.4843750e-01  -7.8125000e-03   7.8125000e-03  -6.2500000e-02   3.9062500e-02  -3.7500000e-01   3.3593750e-01   2.9019974e+00
  -3.1250000e-02   2.3437500e-02  -3.1250000e-02  -8.5937500e-02  -3.0468750e-01  -1.2500000e-01  -1.4843750e-01   1.0937500e-01   2.9069974e+00
   7.8125000e-03   1.0156250e-01   7.8125000e-03   2.3437500e-02   2.1093750e-01  -7.8125000e-03  -2.8906250e-01  -3.3593750e-01   2.9119974e+00
  -3.9062500e-02  -3.1250000e-02   0.0000000e+00   3.9062500e-02   3.5156250e-01   1.9531250e-01   6.4062500e-01   3.2031250e-01   2.9169974e+00
   4.6875000e-02  -3.1250000e-02  -2.3437500e-02  -1.5625000e-02   1.5625000e-02   7.8125000e-02  -7.2656250e-01   1.0156250e-01   2.9219974e+00
  -7.8125000e-03  -3.2812500e-01  -6.2500000e-02  -7.8125000e-03  -3.9062500e-02   4.6875000e-02   1.5625000e-01   7.0312500e-02   2.9269974e+00
  -2.3437500e-02   1.0937500e-01  -7.8125000e-03  -2.3437500e-02  -1.4062500e-01   7.8125000e-03   2.8906250e-01   2.3437500e-02   2.9319974e+00
   7.0312500e-02   7.8125000e-02   5.4687500e-02   1.5625000e-02  -3.1250000e-02  -3.0468750e-01  -3.5156250e-01   2.3437500e-02   2.9369974e+00
  -7.8125000e-03   0.0000000e+00   0.0000000e+00  -3.1250000e-02   1.5625000e-02  -4.2187500e-01   1.0156250e-01  -2.6562500e-01   2.9419974e+00
  -7.8125000e-03   7.8125000e-03   7.8125000e-03   1.5625000e-02  -1.5625000e-01  -2.1875000e-01   3.5156250e-01   1.5625000e-02   2.9469974e+00
   3.9062500e-02   7.8125000e-02   3.1250000e-02   7.8125000e-03   1.5625000e-01  -2.3437500e-02  -1.8750000e-01   2.4218750e-01   2.9519974e+00
  -4.6875000e-02  -3.1250000e-02  -7.8125000e-03   0.0000000e+00   0.0000000e+00   1.9531250e-01  -7.8125000e-02  -2.4218750e-01   2.9569974e+00
   7.8125000e-03  -1.3281250e-01  -3.1250000e-02  -2.3437500e-02  -2.1875000e-01  -1.5625000e-02   3.2812500e-01   2.3437500e-02   2.9619974e+00
   7.8125000e-03   7.8125000e-02   1.5625000e-02   3.9062500e-02   9.3750000e-02  -1.3281250e-01   9.3750000e-02   2.6562500e-01   2.9669974e+00
  -8.5937500e-02  -8.5937500e-02  -5.4687500e-02  -5.4687500e-02  -3.1250000e-02  -6.2500000e-02  -2.8906250e-01  -1.8750000e-01   2.9719974e+00
   7.8125000e-03   0.0000000e+00  -3.1250000e-02  -3.9062500e-02  -7.0312500e-02   7.8125000e-03   3.0468750e-01  -3.1250000e-02   2.9769974e+00
  -1.5625000e-02  -3.9062500e-02   7.8125000e-03   7.8125000e-03   1.5625000e-02   3.1250000e-02   2.4218750e-01   0.0000000e+00   2.9819974e+00
  -2.3437500e-02  -3.9062500e-02  -1.5625000e-02   2.3437500e-02  -7.8125000e-03   1.6406250e-01  -9.3750000e-02  -7.0312500e-02   2.9869974e+00
   0.0000000e+00   1.1718750e-01   3.9062500e-02  -7.8125000e-03  -1.3281250e-01  -2.5781250e-01   3.5156250e-01   1.6406250e-01   2.9919974e+00
   2.3437500e-02   1.5625000e-02  -1.5625000e-02  -2.3437500e-02  -7.8125000e-02   7.8125000e-02   2.1875000e-01  -2.3437500e-01   2.9969974e+00
  -4.6875000e-02  -3.1250000e-02  -3.1250000e-02  -3.1250000e-02  -7.8125000e-02   1.1718750e-01   3.9062500e-01   2.1875000e-01   3.0019974e+00
   7.8125000e-03   1.5625000e-02   7.8125000e-03  -3.1250000e-02  -9.3750000e-02  -5.4687500e-02  -6.3281250e-01  -2.7343750e-01   3.0069974e+00
   3.1250000e-02   7.8125000e-03  -2.3437500e-02  -1.5625000e-02  -2.3437500e-02  -1.5625000e-01   5.0781250e-01   2.5781250e-01   3.0119974e+00
  -3.9062500e-02  -4.6875000e-02   0.0000000e+00   0.0000000e+00  -1.0156250e-01  -7.0312500e-02  -3.1250000e-01  -2.1093750e-01   3.0169974e+00
   3.9062500e-02  -3.9062500e-02   7.8125000e-03   3.1250000e-02   1.6406250e-01   2.3437500e-01  -2.4218750e-01   1.0156250e-01   3.0219974e+00
  -3.9062500e-02   2.3437500e-02   1.5625000e-02  -1.5625000e-02  -3.1250000e-02   2.1875000e-01   7.0312500e-02  -8.5937500e-02   3.0269974e+00
  -2.3437500e-02   1.5625000e-02   0.0000000e+00   7.8125000e-03  -1.7968750e-01   1.9531250e-01   4.7656250e-01  -2.1093750e-01   3.0319974e+00
   8.5937500e-02  -3.9062500e-02  -1.5625000e-02   0.0000000e+00   7.0312500e-02   7.8125000e-03  -2.0312500e-01   3.2031250e-01   3.0369974e+00
  -6.2500000e-02  -2.3437500e-02  -2.3437500e-02  -5.4687500e-02  -1.9531250e-01   3.2031250e-01   2.4218750e-01  -2.4218750e-01   3.0419974e+00
  -1.5625000e-02   3.1250000e-02  -1.5625000e-02  -7.8125000e-03   0.0000000e+00   1.8750000e-01  -5.0000000e-01   1.4062500e-01   3.0469974e+00
  -3.1250000e-02  -9.3750000e-02  -2.3437500e-02  -6.2500000e-02  -2.8906250e-01  -1.4062500e-01   3.6718750e-01   2.8125000e-01   3.0519974e+00
  -4.6875000e-02  -9.3750000e-02  -4.6875000e-02   1.5625000e-02   2.0312500e-01   1.0156250e-01   4.0625000e-01  -3.9062500e-02   3.0569974e+00
   3.9062500e-02   9.3750000e-02   7.8125000e-03  -2.3437500e-02   0.0000000e+00  -1.9531250e-01  -1.0000000e+00   5.2343750e-01   3.0619974e+00
   3.9062500e-02   8.5937500e-02   0.0000000e+00  -3.9062500e-02  -7.0312500e-02   1.4062500e-01   5.7812500e-01  -1.4062500e-01   3.0669974e+00
  -3.9062500e-02  -2.3437500e-02  -1.5625000e-02   2.3437500e-02  -3.9062500e-02   2.1875000e-01   1.5625000e-02   1.2500000e-01   3.0719974e+00
   0.0000000e+00  -1.0937500e-01  -7.8125000e-03  -3.1250000e-02  -8.5937500e-02   7.8125000e-02  -5.5468750e-01   6.2500000e-02   3.0769974e+00
  -4.6875000e-02   5.4687500e-02  -3.9062500e-02  -5.4687500e-02  -4.6875000e-02  -1.5625000e-01   9.7656250e-01  -2.2656250e-01   3.0819974e+00
   2.3437500e-02   2.3437500e-02  -7.8125000e-03   4.6875000e-02   1.1718750e-01   1.1718750e-01   8.5937500e-02  -1.5625000e-01   3.0869974e+00
   2.3437500e-02  -1.0156250e-01  -3.9062500e-02  -3.1250000e-02   3.9062500e-02  -3.0468750e-01  -6.4062500e-01   1.4843750e-01   3.0919974e+00
   0.0000000e+00   7.0312500e-02   1.5625000e-02  -7.8125000e-03   3.1250000e-02  -4.6875000e-02  -8.5937500e-02   2.3437500e-02   3.0969974e+00
  -3.9062500e-02   3.9062500e-02   7.8125000e-03   1.5625000e-02   1.0156250e-01   8.5937500e-02  -2.1875000e-01  -1.5625000e-01   3.1019974e+00
  -7.8125000e-03   2.3437500e-02   3.1250000e-02   3.1250000e-02  -1.2500000e-01  -1.0937500e-01   1.2500000e-01   1.0937500e-01   3.1069974e+00
   1.5625000e-02  -3.9062500e-02  -2.3437500e-02   2.3437500e-02   7.8125000e-03   3.4375000e-01   9.6875000e-01  -3.9843750e-01   3.1119974e+00
  -4.6875000e-02   1.5625000e-02   2.3437500e-02   8.5937500e-02   2.1093750e-01  -1.2500000e-01  -8.8281250e-01  -1.9531250e-01   3.1169974e+00
   0.0000000e+00  -7.0312500e-02  -3.9062500e-02  -3.1250000e-02   1.0937500e-01  -2.3437500e-02  -3.5937500e-01  -6.2500000e-02   3.1219974e+00
  -3.9062500e-02  -1.0156250e-01  -2.3437500e-02  -1.5625000e-02   6.2500000e-02  -7.0312500e-02  -7.8125000e-03   1.7187500e-01   3.1269974e+00
  -2.3437500e-02   7.0312500e-02  -7.8125000e-03   7.8125000e-03  -3.9062500e-02   7.0312500e-02   1.4843750e-01  -1.3281250e-01   3.1319974e+00
   5.4687500e-02  -2.3437500e-02  -3.1250000e-02  -2.3437500e-02  -5.4687500e-02   9.3750000e-02   4.7656250e-01  -7.8125000e-03   3.1369974e+00
   1.5625000e-02   3.1250000e-02   1.5625000e-02   1.5625000e-02   1.0156250e-01  -8.5937500e-02  -3.9062500e-02   1.0937500e-01   3.1419974e+00
  -7.0312500e-02  -4.6875000e-02  -7.8125000e-03  -7.8125000e-03  -5.4687500e-02  -1.4843750e-01  -2.0312500e-01  -2.0312500e-01   3.1469974e+00
   1.1718750e-01  -1.5625000e-02  -3.1250000e-02  -3.1250000e-02   7.8125000e-02   1.4062500e-01  -1.5625000e-02   1.3281250e-01   3.1519974e+00
  -5.4687500e-02   7.0312500e-02   2.3437500e-02  -4.6875000e-02  -1.8750000e-01  -7.0312500e-02  -7.4218750e-01  -6.2500000e-02   3.1569974e+00
   4.6875000e-02  -2.3437500e-02  -2.3437500e-02   7.8125000e-03   1.0156250e-01   2.3437500e-02   4.2968750e-01  -1.0937500e-01   3.1619974e+00
   0.0000000e+00  -8.5937500e-02  -3.9062500e-02  -1.5625000e-02  -3.9062500e-02   1.5625000e-02   2.6562500e-01   1.1718750e-01   3.1669974e+00
  -8.5937500e-02   2.3437500e-02  -2.3437500e-02   7.8125000e-03   6.2500000e-02  -3.1250000e-02   7.8125000e-01   5.4687500e-02   3.1719974e+00
   6.2500000e-02   5.4687500e-02   7.8125000e-03  -3.1250000e-02  -3.1250000e-02   1.1718750e-01  -4.7656250e-01   7.0312500e-02   3.1769974e+00
  -3.9062500e-02  -7.0312500e-02   1.5625000e-02   7.8125000e-03  -1.1718750e-01  -3.1250000e-02  -8.2031250e-01  -4.4531250e-01   3.1819974e+00
   1.5625000e-02   7.8125000e-03  -2.3437500e-02  -5.4687500e-02  -4.6875000e-02  -1.5625000e-02   1.3281250e-01  -1.9531250e-01   3.1869974e+00
   0.0000000e+00   0.0000000e+00   2.3437500e-02   7.8125000e-03   7.0312500e-02   3.9062500e-02  -9.0625000e-01  -2.3437500e-02   3.1919974e+00
  -2.3437500e-02  -3.1250000e-02   7.8125000e-03   6.2500000e-02   2.2656250e-01  -6.0156250e-01   5.3906250e-01   6.2500000e-02   3.1969974e+00
  -3.1250000e-02  -2.3437500e-02  -7.8125000e-03  -3.9062500e-02  -1.5625000e-01  -7.0312500e-02   6.2500000e-02   2.8906250e-01   3.2019974e+00
  -3.1250000e-02   4.6875000e-02   2.3437500e-02   1.5625000e-02   5.4687500e-02  -1.5625000e-02  -2.6562500e-01  -2.0312500e-01   3.2069974e+00
  -4.6875000e-02  -1.7187500e-01  -2.3437500e-02  -3.1250000e-02  -8.5937500e-02   7.8125000e-03  -3.2812500e-01  -3.2031250e-01   3.2119974e+00
  -1.5625000e-02   2.3437500e-02  -3.9062500e-02  -3.9062500e-02  -7.8125000e-02   2.0312500e-01   3.2812500e-01   4.6875000e-01   3.2169974e+00
   5.4687500e-02   5.4687500e-02   7.8125000e-03   2.3437500e-02   7.8125000e-02  -1.1718750e-01   2.3437500e-01   4.6875000e-02   3.2219974e+00
  -4.6875000e-02   1.0937500e-01  -7.8125000e-03  -5.4687500e-02  -1.0156250e-01   6.2500000e-02   1.0937500e-01   2.4218750e-01   3.2269974e+00
  -4.6875000e-02  -1.5625000e-02  -3.1250000e-02   0.0000000e+00   8.5937500e-02   7.8125000e-02   1.4062500e-01  -1.5625000e-02   3.2319974e+00
   0.0000000e+00   2.3437500e-02   0.0000000e+00   2.3437500e-02   1.2500000e-01   1.7968750e-01   6.0156250e-01   2.3437500e-02   3.2369974e+00
   0.0000000e+00  -4.6875000e-02  -3.9062500e-02  -6.2500000e-02  -2.3437500e-01  -3.4375000e-01  -6.0156250e-01   2.0312500e-01   3.2419974e+00
   2.3437500e-02  -3.9062500e-02  -3.1250000e-02   3.1250000e-02   1.2500000e-01   1.5625000e-02   1.5625000e-02   7.8125000e-02   3.2469974e+00
  -3.1250000e-02  -7.0312500e-02  -7.8125000e-03  -5.4687500e-02  -1.6406250e-01   7.8125000e-02  -7.8125000e-03  -1.5625000e-02   3.2519974e+00
   1.5625000e-02   3.1250000e-02   7.8125000e-03   7.8125000e-03   2.4218750e-01   5.0781250e-01  -2.2656250e-01  -1.4843750e-01   3.2569974e+00
  -1.0937500e-01  -1.4062500e-01  -5.4687500e-02  -3.1250000e-02  -2.8125000e-01   4.5312500e-01   3.2031250e-01  -7.8125000e-02   3.2619974e+00
   3.9062500e-02   1.3281250e-01   2.3437500e-02   3.1250000e-02   2.7343750e-01  -7.8125000e-02   5.5468750e-01  -8.5937500e-02   3.2669974e+00
   8.5937500e-02   1.1718750e-01   0.0000000e+00   4.6875000e-02   9.3750000e-02  -1.5625000e-02   6.4062500e-01   2.1875000e-01   3.2719974e+00
   2.3437500e-02   1.1718750e-01   3.1250000e-02  -2.3437500e-02  -1.2500000e-01   1.1718750e-01   5.6250000e-01  -5.4687500e-02   3.2769974e+00
   3.9062500e-02  -1.0937500e-01   0.0000000e+00  -1.5625000e-02  -5.4687500e-02  -2.9687500e-01   8.6718750e-01   7.8125000e-03   3.2819974e+00
  -8.5937500e-02  -1.4062500e-01  -6.2500000e-02  -3.1250000e-02  -2.3437500e-02   2.3437500e-02  -2.6562500e-01  -8.5937500e-02   3.2869974e+00
   7.8125000e-03   0.0000000e+00  -7.8125000e-03   2.3437500e-02   7.8125000e-03  -6.2500000e-02  -7.8125000e-02  -1.1718750e-01   3.2919974e+00
   2.3437500e-02  -7.8125000e-02  -1.5625000e-02  -1.5625000e-02   1.5625000e-02   0.0000000e+00   3.9062500e-02   7.8125000e-02   3.2969974e+00
  -2.3437500e-02   6.2500000e-02   0.0000000e+00  -7.8125000e-03   4.6875000e-02  -3.1250000e-02  -1.4062500e-01  -3.6718750e-01   3.3019974e+00
   7.8125000e-03   3.9062500e-02   1.5625000e-02   0.0000000e+00   1.0937500e-01  -5.2343750e-01  -7.8125000e-03   2.9687500e-01   3.3069974e+00
  -7.8125000e-03   0.0000000e+00  -5.4687500e-02  -6.2500000e-02  -2.2656250e-01  -2.5000000e-01   3.7500000e-01   2.3437500e-02   3.3119974e+00
  -3.1250000e-02  -2.3437500e-02   0.0000000e+00   1.5625000e-02   1.0156250e-01   7.8125000e-02  -5.3906250e-01  -2.3437500e-02   3.3169974e+00
   3.1250000e-02  -7.0312500e-02   3.1250000e-02   6.2500000e-02   1.2500000e-01   1.0937500e-01  -3.9062500e-02   1.0156250e-01   3.3219974e+00
  -7.8125000e-02  -2.9687500e-01  -5.4687500e-02  -5.4687500e-02  -2.2656250e-01   8.5937500e-02  -2.7343750e-01   1.5625000e-02   3.3269974e+00
  -2.3437500e-02   2.6562500e-01   3.1250000e-02  -1.5625000e-02   1.4062500e-01   4.6875000e-02   2.6562500e-01  -1.1718750e-01   3.3319974e+00
   3.9062500e-02   1.0156250e-01  -1.5625000e-02  -7.0312500e-02  -1.7968750e-01  -2.5781250e-01   1.3281250e-01   2.2656250e-01   3.3369974e+00
  -3.1250000e-02  -7.0312500e-02   1.5625000e-02  -7.8125000e-03   9.3750000e-02  -2.1875000e-01  -6.7187500e-01  -3.8281250e-01   3.3419974e+00
   0.0000000e+00   1.8750000e-01   1.5625000e-02   7.8125000e-03  -7.8125000e-03   7.0312500e-02  -2.6562500e-01   5.4687500e-02   3.3469974e+00
   0.0000000e+00  -6.7187500e-01  -3.9062500e-02  -3.1250000e-02  -1.7968750e-01  -1.0156250e-01   3.9062500e-02  -3.1250000e-02   3.3519974e+00
  -7.0312500e-02  -3.1250000e-02  -1.5625000e-02  -3.9062500e-02  -2.7343750e-01  -3.8281250e-01  -2.7343750e-01  -8.5937500e-02   3.3569974e+00
   0.0000000e+00   7.0312500e-02   2.3437500e-02   2.3437500e-02   1.3281250e-01   1.7187500e-01  -4.0625000e-01  -8.5937500e-02   3.3619974e+00
   7.8125000e-03   1.3281250e-01  -4.6875000e-02  -3.1250000e-02  -1.4062500e-01  -3.6718750e-01   9.6875000e-01  -6.2500000e-02   3.3669974e+00
   1.5625000e-02  -3.1250000e-02  -1.5625000e-02   7.8125000e-03   3.8281250e-01   1.9531250e-01  -8.1250000e-01  -7.8125000e-02   3.3719974e+00
   0.0000000e+00  -8.5937500e-02  -3.9062500e-02  -7.8125000e-03  -1.4062500e-01   5.4687500e-02   7.8125000e-02   3.1250000e-02   3.3769974e+00
  -7.8125000e-02  -1.9531250e-01   0.0000000e+00  -2.3437500e-02  -6.2500000e-02   1.4062500e-01   1.7187500e-01  -6.0937500e-01   3.3819974e+00
   7.8125000e-03   7.0312500e-02   4.6875000e-02   7.0312500e-02   1.1718750e-01   1.5625000e-02  -3.2812500e-01  -1.0937500e-01   3.3869974e+00
  -3.9062500e-02   7.8125000e-02  -5.4687500e-02  -9.3750000e-02  -2.9687500e-01  -1.1718750e-01   4.2187500e-01   9.3750000e-02   3.3919974e+00
  -7.8125000e-03   0.0000000e+00  -1.5625000e-02   3.9062500e-02   2.1093750e-01  -4.7656250e-01  -2.3437500e-01  -1.1718750e-01   3.3969974e+00
   1.5625000e-02   0.0000000e+00  -3.1250000e-02   4.6875000e-02   3.6718750e-01  -1.2500000e-01  -6.2500000e-02   2.4218750e-01   3.4019974e+00
  -3.1250000e-02  -1.6406250e-01  -2.3437500e-02  -3.1250000e-02  -1.9531250e-01   7.8125000e-02   1.4062500e-01  -2.5000000e-01   3.4069974e+00
   3.9062500e-02   1.0156250e-01   3.1250000e-02  -7.8125000e-03  -4.6875000e-02  -5.4687500e-02  -2.7343750e-01   3.1250000e-02   3.4119974e+00
  -5.4687500e-02  -1.0156250e-01  -7.8125000e-03  -1.5625000e-02  -6.2500000e-02  -1.4843750e-01  -9.3750000e-02   3.1250000e-02   3.4169974e+00
   1.5625000e-02  -4.6875000e-02  -7.8125000e-03   3.1250000e-02   2.7343750e-01   4.7656250e-01  -5.4687500e-02   2.9687500e-01   3.4219974e+00
   7.8125000e-03   2.3437500e-02  -3.9062500e-02  -1.5625000e-02   4.6875000e-02   5.4687500e-02  -1.7187500e-01   1.5625000e-01   3.4269974e+00
  -2.3437500e-02   2.4218750e-01   5.4687500e-02   7.8125000e-03  -6.2500000e-02   1.0937500e-01  -4.7656250e-01  -9.3750000e-02   3.4319974e+00
  -5.4687500e-02  -1.0156250e-01  -7.8125000e-03   0.0000000e+00  -6.2500000e-02   1.4062500e-01  -4.8437500e-01   3.6718750e-01   3.4369974e+00
  -1.5625000e-02   1.0156250e-01  -7.8125000e-02  -7.8125000e-02   1.4843750e-01  -7.8125000e-03   6.9531250e-01   9.3750000e-02   3.4419974e+00
   4.6875000e-02  -1.0937500e-01  -1.5625000e-02   4.6875000e-02   4.6875000e-02   1.8750000e-01   5.6250000e-01   3.1250000e-02   3.4469974e+00
   7.8125000e-03   7.8125000e-02   1.5625000e-02   7.8125000e-02   1.6406250e-01   2.5000000e-01   2.1875000e-01  -1.1718750e-01   3.4519974e+00
  -3.1250000e-02  -7.8125000e-03  -8.5937500e-02  -6.2500000e-02  -9.3750000e-02  -2.1875000e-01   9.9218750e-01  -1.5625000e-02   3.4569974e+00
   7.8125000e-02   5.4687500e-02  -7.8125000e-03   0.0000000e+00  -2.8125000e-01  -1.4062500e-01   3.9062500e-01   4.6093750e-01   3.4619974e+00
   7.8125000e-03  -1.4843750e-01  -3.1250000e-02  -7.8125000e-03   1.7187500e-01  -7.8125000e-02   3.6718750e-01   3.7500000e-01   3.4669974e+00
   9.3750000e-02   1.3281250e-01   3.1250000e-02  -4.6875000e-02  -1.4062500e-01  -3.1250000e-02  -1.4062500e-01  -2.4218750e-01   3.4719974e+00
  -4.6875000e-02   1.9531250e-01   4.6875000e-02   3.9062500e-02   7.8125000e-02   8.5937500e-02   1.8750000e-01  -5.6250000e-01   3.4769974e+00
  -7.8125000e-03  -7.8125000e-02  -6.2500000e-02  -5.4687500e-02  -2.3437500e-02   2.3437500e-01   3.0468750e-01  -4.6875000e-02   3.4819974e+00
   1.5625000e-02  -3.9062500e-02  -7.8125000e-03  -2.3437500e-02  -2.3437500e-02   7.0312500e-02   2.7343750e-01   2.8906250e-01   3.4869974e+00
  -6.2500000e-02  -1.0156250e-01   2.3437500e-02   2.3437500e-02   6.2500000e-02   5.4687500e-02  -7.1875000e-01  -1.0156250e-01   3.4919974e+00
   4.6875000e-02  -1.5625000e-02   2.3437500e-02   7.8125000e-03  -9.3750000e-02   2.1875000e-01  -1.7968750e-01  -3.1250000e-02   3.4969974e+00
  -4.6875000e-02   1.0156250e-01   2.3437500e-02  -3.1250000e-02  -1.4062500e-01  -8.5937500e-02  -6.2500000e-01  -2.3437500e-02   3.5019974e+00
  -1.5625000e-02   4.6875000e-02   2.3437500e-02  -3.9062500e-02  -1.1718750e-01  -1.2500000e-01   8.5937500e-02  -1.4062500e-01   3.5069974e+00
   6.2500000e-02   1.4062500e-01  -1.5625000e-02   3.9062500e-02   1.8750000e-01   1.0156250e-01   5.9375000e-01   1.8750000e-01   3.5119974e+00
  -1.5625000e-02  -1.5625000e-02  -2.3437500e-02  -3.9062500e-02   1.0156250e-01  -1.8750000e-01  -2.1093750e-01  -1.4062500e-01   3.5169974e+00
  -6.2500000e-02  -1.7968750e-01   1.5625000e-02   3.9062500e-02  -4.6875000e-02  -4.6875000e-02   2.8906250e-01   2.4218750e-01   3.5219974e+00
  -2.3437500e-02  -5.4687500e-02  -3.9062500e-02  -7.0312500e-02  -1.3281250e-01   2.7343750e-01   3.7500000e-01  -4.6093750e-01   3.5269974e+00
  -2.3437500e-02  -7.8125000e-02   2.3437500e-02  -2.3437500e-02  -1.4843750e-01  -4.3750000e-01  -3.8281250e-01   2.0312500e-01   3.5319974e+00
  -4.6875000e-02   7.8125000e-03  -5.4687500e-02  -6.2500000e-02  -2.3437500e-01   2.1875000e-01   2.1093750e-01   2.3437500e-02   3.5369974e+00
  -2.3437500e-02   7.0312500e-02   2.3437500e-02   8.5937500e-02   1.7187500e-01  -2.9687500e-01   5.3125000e-01  -3.3593750e-01   3.5419974e+00
   6.2500000e-02   7.0312500e-02   1.5625000e-02  -7.8125000e-03   1.2500000e-01   7.0312500e-02  -9.2968750e-01   1.5625000e-02   3.5469974e+00
  -9.3750000e-02  -1.4062500e-01  -3.9062500e-02  -3.1250000e-02  -3.1250000e-02  -2.3437500e-02   5.3906250e-01  -2.3437500e-02   3.5519974e+00
   1.4843750e-01  -7.0312500e-02   2.3437500e-02   1.5625000e-02  -1.1718750e-01  -8.5937500e-02  -6.4062500e-01   5.7031250e-01   3.5569974e+00
   2.3437500e-02   4.3750000e-01   3.1250000e-02  -3.1250000e-02  -1.1718750e-01   1.4062500e-01   2.7343750e-01   3.9062500e-02   3.5619974e+00
   0.0000000e+00  -3.4375000e-01  -3.9062500e-02   7.8125000e-03   4.6875000e-02   7.8125000e-02  -1.4843750e-01  -2.1875000e-01   3.5669974e+00
  -9.3750000e-02  -1.0937500e-01  -3.1250000e-02  -3.9062500e-02  -9.3750000e-02  -1.0156250e-01  -7.0312500e-02  -1.9531250e-01   3.5719974e+00
  -4.6875000e-02  -1.1718750e-01  -2.3437500e-02  -5.4687500e-02  -3.4375000e-01  -2.2656250e-01   1.7187500e-01  -2.4218750e-01   3.5769974e+00
  -3.9062500e-02  -2.3437500e-02  -7.8125000e-03   2.3437500e-02   1.0937500e-01   4.8437500e-01   5.1562500e-01   2.1875000e-01   3.5819974e+00
   2.3437500e-02   1.8750000e-01   3.1250000e-02   7.8125000e-03  -1.4843750e-01  -1.7968750e-01  -7.8125000e-03  -8.5937500e-02   3.5869974e+00
   4.6875000e-02   7.8125000e-03  -7.8125000e-03  -1.5625000e-02  -8.5937500e-02   1.4843750e-01  -1.7187500e-01   3.0468750e-01   3.5919974e+00
  -1.3281250e-01  -1.1718750e-01  -1.5625000e-02  -3.9062500e-02  -8.5937500e-02  -3.1250000e-02  -3.8281250e-01  -2.3437500e-01   3.5969974e+00
   1.0156250e-01   1.5625000e-02  -1.5625000e-02   1.5625000e-02   2.5781250e-01  -1.0156250e-01  -2.3437500e-02   1.2500000e-01   3.6019974e+00
  -3.1250000e-02   1.5625000e-02   3.9062500e-02   5.4687500e-02   2.1875000e-01   2.2656250e-01  -7.7343750e-01  -3.9062500e-01   3.6069974e+00
  -4.6875000e-02   2.3437500e-02  -1.5625000e-02  -3.1250000e-02  -1.7187500e-01  -2.9687500e-01   2.0312500e-01   7.8125000e-02   3.6119974e+00
   1.0156250e-01   5.4687500e-02   3.1250000e-02   7.0312500e-02   2.6562500e-01   2.1093750e-01   8.3593750e-01   1.4062500e-01   3.6169974e+00
  -7.8125000e-02  -1.8750000e-01  -1.5625000e-02  -3.9062500e-02  -3.0468750e-01  -3.2812500e-01   2.0312500e-01  -1.4843750e-01   3.6219974e+00
  -3.9062500e-02   9.3750000e-02  -2.3437500e-02  -7.0312500e-02  -1.8750000e-01   1.2500000e-01   6.4062500e-01  -1.5625000e-01   3.6269974e+00
   1.5625000e-02   1.5625000e-02  -3.9062500e-02  -7.8125000e-03   3.3593750e-01  -3.9062500e-02  -7.5781250e-01   2.8125000e-01   3.6319974e+00
  -2.3437500e-02   2.3437500e-02   7.8125000e-03   5.4687500e-02   7.8125000e-02   2.1093750e-01   7.6562500e-01  -3.2031250e-01   3.6369974e+00
   7.0312500e-02  -8.5937500e-02  -2.3437500e-02  -3.9062500e-02  -2.5000000e-01   1.4843750e-01  -1.0000000e+00  -4.6875000e-02   3.6419974e+00
   1.5625000e-02  -7.8125000e-03   2.3437500e-02   5.4687500e-02   7.0312500e-02  -2.2656250e-01   5.7031250e-01   2.8125000e-01   3.6469974e+00
  -2.3437500e-02   3.1250000e-02   1.5625000e-02  -7.8125000e-02  -2.6562500e-01   6.2500000e-02  -3.4375000e-01  -3.8281250e-01   3.6519974e+00
  -3.1250000e-02  -7.8125000e-03  -5.4687500e-02  -1.5625000e-02   3.3593750e-01   3.7500000e-01   8.5156250e-01  -7.8125000e-02   3.6569974e+00
   0.0000000e+00  -1.1718750e-01  -2.3437500e-02  -2.3437500e-02  -1.1718750e-01  -1.3281250e-01  -7.0312500e-01   3.1250000e-01   3.6619974e+00
  -1.5625000e-02   7.8125000e-03   2.3437500e-02   7.8125000e-03  -2.3437500e-02  -1.7968750e-01  -1.2500000e-01  -2.3437500e-02   3.6669974e+00
   1.5625000e-02  -1.5625000e-02  -3.9062500e-02  -2.3437500e-02  -1.2500000e-01   1.5625000e-02   2.9687500e-01  -6.2500000e-02   3.6719974e+00
  -8.5937500e-02   3.1250000e-02   7.8125000e-03   3.1250000e-02   6.2500000e-02   2.1093750e-01  -7.5781250e-01  -4.6875000e-02   3.6769974e+00
  -1.5625000e-02  -7.0312500e-02  -2.3437500e-02  -7.8125000e-03  -6.2500000e-02   8.5937500e-02   7.0312500e-01  -2.5000000e-01   3.6819974e+00
   2.3437500e-02   3.9062500e-02  -1.5625000e-02  -7.0312500e-02  -1.2500000e-01   7.8125000e-02  -7.7343750e-01   3.5937500e-01   3.6869974e+00
  -1.5625000e-02  -4.6875000e-02  -4.6875000e-02  -1.5625000e-02   2.3437500e-02  -5.4687500e-02   4.9218750e-01   1.2500000e-01   3.6919974e+00
  -3.1250000e-02  -2.3437500e-02   2.3437500e-02   5.4687500e-02   4.6875000e-02   0.0000000e+00  -2.1875000e-01  -2.8906250e-01   3.6969974e+00
  -6.2500000e-02   7.8125000e-03  -2.3437500e-02  -3.9062500e-02   0.0000000e+00  -2.1093750e-01   9.2187500e-01  -2.1875000e-01   3.7019974e+00
  -7.0312500e-02  -2.3437500e-02   0.0000000e+00  -7.8125000e-03  -1.0937500e-01  -4.6875000e-02  -2.4218750e-01  -1.4843750e-01   3.7069974e+00
   2.3437500e-02  -2.3437500e-02  -2.3437500e-02   1.5625000e-02   8.5937500e-02   1.9531250e-01  -9.3750000e-02  -1.6406250e-01   3.7119974e+00
   8.5937500e-02  -4.6875000e-02   2.3437500e-02  -3.9062500e-02   3.1250000e-02  -1.4062500e-01  -7.5000000e-01   7.8125000e-02   3.7169974e+00
  -1.4062500e-01   5.4687500e-02   0.0000000e+00   3.1250000e-02   7.8125000e-02   8.5937500e-02   1.5625000e-02  -1.4062500e-01   3.7219974e+00
   0.0000000e+00   7.8125000e-02  -7.8125000e-03  -1.5625000e-02   4.6875000e-02   1.4062500e-01   8.9062500e-01  -2.3437500e-02   3.7269974e+00
   1.5625000e-02  -7.8125000e-03   0.0000000e+00   7.8125000e-03   4.6875000e-02  -1.2500000e-01   3.1250000e-01   3.6718750e-01   3.7319974e+00
   8.5937500e-02   3.9062500e-02  -1.5625000e-02  -7.8125000e-03  -6.2500000e-02   7.8125000e-03  -2.2656250e-01   5.4687500e-02   3.7369974e+00
   0.0000000e+00  -3.1250000e-02   0.0000000e+00  -2.3437500e-02   4.6875000e-02   1.1718750e-01  -1.4843750e-01   7.8125000e-03   3.7419974e+00
  -3.9062500e-02  -3.1250000e-02  -3.9062500e-02  -3.9062500e-02  -1.8750000e-01  -3.9062500e-02   1.5625000e-02  -7.8125000e-03   3.7469974e+00
  -2.3437500e-02   8.5937500e-02   0.0000000e+00   7.8125000e-02   2.8906250e-01   1.8750000e-01   7.8906250e-01   2.3437500e-02   3.7519974e+00
  -6.2500000e-02  -3.1250000e-02   7.8125000e-03  -5.4687500e-02  -3.3593750e-01  -3.8281250e-01  -3.1250000e-02  -1.0937500e-01   3.7569974e+00
   2.3437500e-02  -7.8125000e-03   2.3437500e-02   1.5625000e-02   1.5625000e-02   4.6875000e-02   7.8125000e-02   2.2656250e-01   3.7619974e+00
  -7.8125000e-03   7.0312500e-02  -2.3437500e-02   3.9062500e-02   2.3437500e-02   5.4687500e-02   1.8750000e-01   8.5937500e-02   3.7669974e+00
   2.3437500e-02  -8.5937500e-02   3.1250000e-02  -7.8125000e-03  -2.0312500e-01  -1.9531250e-01  -6.5625000e-01  -2.3437500e-01   3.7719974e+00
   1.5625000e-02   7.8125000e-03  -7.8125000e-03   7.8125000e-03   1.3281250e-01  -1.4062500e-01   7.5781250e-01   7.8125000e-03   3.7769974e+00
   7.8125000e-03   7.8125000e-02   7.8125000e-03  -5.4687500e-02  -8.5937500e-02  -2.9687500e-01  -5.1562500e-01  -1.5625000e-02   3.7819974e+00
  -5.4687500e-02  -4.6875000e-02  -2.3437500e-02   1.5625000e-02   3.9062500e-02   1.7187500e-01   4.7656250e-01  -1.8750000e-01   3.7869974e+00
  -3.9062500e-02   3.9062500e-02  -1.5625000e-02   2.3437500e-02   1.2500000e-01   2.3437500e-01   7.8125000e-02  -9.3750000e-02   3.7919974e+00
  -5.4687500e-02  -1.9531250e-01  -5.4687500e-02  -3.9062500e-02  -1.0156250e-01   3.9062500e-02  -7.0312500e-01   2.8906250e-01   3.7969974e+00
   5.4687500e-02   3.1250000e-02   1.5625000e-02   6.2500000e-02   2.1093750e-01   1.4062500e-01   9.3750000e-02  -3.9062500e-02   3.8019974e+00
  -1.5625000e-02  -3.1250000e-02  -1.5625000e-02  -4.6875000e-02  -1.2500000e-01  -1.0156250e-01  -2.3437500e-01   1.2500000e-01   3.8069974e+00
  -7.8125000e-03  -7.8125000e-03  -1.5625000e-02  -1.5625000e-02  -4.6875000e-02  -2.2656250e-01  -9.3750000e-02   1.1718750e-01   3.8119974e+00
  -3.9062500e-02   3.1250000e-02  -3.1250000e-02   1.5625000e-02  -1.5625000e-02   1.2500000e-01   3.0468750e-01   5.4687500e-02   3.8169974e+00
   1.5625000e-02  -4.6875000e-02  -4.6875000e-02  -3.1250000e-02   3.1250000e-02   1.7968750e-01   6.4062500e-01   6.2500000e-02   3.8219974e+00
   7.8125000e-03  -5.4687500e-02   4.6875000e-02  -7.8125000e-03  -1.5625000e-02   7.8125000e-03  -1.0000000e+00   7.0312500e-02   3.8269974e+00
   7.8125000e-03  -5.4687500e-02  -2.3437500e-02  -3.9062500e-02  -2.3437500e-02  -1.4843750e-01  -4.6875000e-02   2.3437500e-02   3.8319974e+00
   7.8125000e-03   1.5625000e-02  -1.5625000e-02  -4.6875000e-02  -1.0156250e-01  -1.0156250e-01   2.8906250e-01  -1.7187500e-01   3.8369974e+00
  -7.8125000e-03  -6.2500000e-02  -1.5625000e-02  -3.9062500e-02  -3.9062500e-01  -3.5937500e-01   1.9531250e-01   7.8125000e-03   3.8419974e+00
   0.0000000e+00   3.1250000e-02  -3.1250000e-02   7.0312500e-02   2.8125000e-01   1.3281250e-01  -5.0781250e-01   9.3750000e-02   3.8469974e+00
   0.0000000e+00   8.5937500e-02   7.8125000e-02   3.9062500e-02   7.0312500e-02  -1.5625000e-02  -6.2500000e-02   3.1250000e-02   3.8519974e+00
  -3.1250000e-02   1.0937500e-01  -1.5625000e-02  -3.9062500e-02  -2.3437500e-02  -8.5937500e-02   2.6562500e-01   6.2500000e-02   3.8569974e+00
   3.9062500e-02   1.5625000e-02  -7.8125000e-03   1.5625000e-02   2.4218750e-01   1.7187500e-01   7.0312500e-02   4.6875000e-02   3.8619974e+00
   0.0000000e+00  -7.8125000e-03  -7.8125000e-03   3.9062500e-02   2.9687500e-01  -2.4218750e-01   9.2187500e-01  -9.3750000e-02   3.8669974e+00
  -2.3437500e-02  -3.9062500e-02  -1.5625000e-02  -2.3437500e-02  -1.0937500e-01   1.9531250e-01   4.0625000e-01  -1.5625000e-02   3.8719974e+00
   2.3437500e-02  -3.1250000e-02  -1.5625000e-02   0.0000000e+00   4.6875000e-02  -4.3750000e-01   6.2500000e-01   1.8750000e-01   3.8769974e+00
  -3.1250000e-02  -7.8125000e-03  -7.8125000e-03  -5.4687500e-02  -2.3437500e-01  -3.6718750e-01  -9.0625000e-01  -1.2500000e-01   3.8819974e+00
   7.8125000e-03  -1.0156250e-01   0.0000000e+00  -7.8125000e-03  -8.5937500e-02  -1.6406250e-01   7.1093750e-01   4.6875000e-02   3.8869974e+00
   7.8125000e-03   3.1250000e-02  -2.3437500e-02  -2.3437500e-02   6.2500000e-02   3.9062500e-02  -4.2968750e-01  -1.5625000e-02   3.8919974e+00
  -7.0312500e-02  -7.8125000e-03   0.0000000e+00   7.8125000e-03   5.4687500e-02   1.5625000e-02   2.3437500e-02  -2.1093750e-01   3.8969974e+00
   3.1250000e-02  -4.6875000e-02  -7.0312500e-02  -4.6875000e-02  -1.0937500e-01   6.2500000e-02  -2.6562500e-01   1.1718750e-01   3.9019974e+00
  -5.4687500e-02  -5.4687500e-02  -2.3437500e-02  -3.9062500e-02   1.7187500e-01   1.2500000e-01  -2.5781250e-01  -2.3437500e-02   3.9069974e+00
   6.2500000e-02   0.0000000e+00   7.8125000e-03  -3.9062500e-02  -2.6562500e-01  -1.7187500e-01  -4.9218750e-01   1.8750000e-01   3.9119974e+00
   3.1250000e-02   1.1718750e-01  -2.3437500e-02   7.8125000e-03   1.1718750e-01   7.8125000e-02   1.2500000e-01   1.8750000e-01   3.9169974e+00
  -3.9062500e-02  -1.5625000e-01   7.8125000e-03  -1.5625000e-02   5.4687500e-02   1.9531250e-01  -1.7968750e-01  -3.1250000e-01   3.9219974e+00
   1.5625000e-02   7.8125000e-02  -1.5625000e-02  -6.2500000e-02  -2.4218750e-01   8.5937500e-02   1.0937500e-01   7.0312500e-02   3.9269974e+00
  -4.6875000e-02  -3.1250000e-02  -6.2500000e-02   1.5625000e-02   2.5781250e-01   2.6562500e-01   8.2031250e-01  -8.5937500e-02   3.9319974e+00
   5.4687500e-02  -3.1250000e-02   4.6875000e-02   1.5625000e-02  -5.4687500e-02  -2.3437500e-02  -9.2968750e-01   7.0312500e-02   3.9369974e+00
  -9.3750000e-02   7.8125000e-02   0.0000000e+00  -5.4687500e-02  -2.8906250e-01  -2.9687500e-01   2.8125000e-01   9.3750000e-02   3.9419974e+00
  -7.8125000e-03  -7.0312500e-02  -5.4687500e-02  -3.9062500e-02   1.8750000e-01   1.7187500e-01   2.1875000e-01  -1.8750000e-01   3.9469974e+00
  -7.8125000e-03  -1.5625000e-02  -2.3437500e-02   0.0000000e+00   0.0000000e+00   8.5937500e-02   5.6250000e-01   1.0937500e-01   3.9519974e+00
  -1.5625000e-02  -2.3437500e-02  -2.3437500e-02  -7.8125000e-02  -2.9687500e-01  -6.2500000e-02   2.8906250e-01  -1.4843750e-01   3.9569974e+00
   7.8125000e-03  -1.5625000e-02   0.0000000e+00   6.2500000e-02   2.1093750e-01   1.0156250e-01   6.0937500e-01   0.0000000e+00   3.9619974e+00
  -4.6875000e-02  -3.9062500e-02   3.1250000e-02  -1.5625000e-02  -2.7343750e-01  -1.8750000e-01  -1.0000000e+00  -3.9062500e-01   3.9669974e+00
  -6.2500000e-02   8.5937500e-02  -1.5625000e-02   0.0000000e+00  -6.2500000e-02   1.5625000e-02   4.6875000e-01  -1.0937500e-01   3.9719974e+00
  -7.8125000e-03   2.3437500e-02  -3.9062500e-02   7.8125000e-03   1.4062500e-01   1.7187500e-01   5.1562500e-01   9.3750000e-02   3.9769974e+00
   5.4687500e-02  -3.9062500e-02   1.5625000e-02   7.8125000e-03   1.0156250e-01   3.3593750e-01  -8.6718750e-01   6.2500000e-02   3.9819974e+00
   2.3437500e-02  -1.2500000e-01  -3.9062500e-02   7.8125000e-03  -3.1250000e-02  -4.9218750e-01   3.9062500e-01   3.3593750e-01   3.9869974e+00
  -1.0156250e-01  -5.4687500e-02   3.1250000e-02   3.9062500e-02   6.2500000e-02   1.8750000e-01  -4.6875000e-01  -1.4062500e-01   3.9919974e+00
   7.8125000e-03  -7.8125000e-03   0.0000000e+00   1.5625000e-02   3.1250000e-02   4.3750000e-01  -3.1250000e-02  -2.3437500e-01   3.9969974e+00
   1.5625000e-02   1.4062500e-01  -7.8125000e-03  -2.3437500e-02   0.0000000e+00  -1.4062500e-01   4.7656250e-01   1.5625000e-01   4.0019974e+00
   5.4687500e-02   1.0937500e-01  -7.8125000e-03  -1.5625000e-02   7.8125000e-03   1.7968750e-01  -4.6093750e-01   2.1875000e-01   4.0069974e+00
  -3.9062500e-02  -1.0937500e-01  -1.5625000e-02  -7.0312500e-02  -3.1250000e-01  -3.5156250e-01  -7.1875000e-01   7.0312500e-02   4.0119974e+00
   0.0000000e+00   1.5625000e-02   0.0000000e+00  -7.8125000e-03   6.2500000e-02  -2.3437500e-02  -8.7500000e-01   3.1250000e-02   4.0169974e+00
  -2.3437500e-02  -6.2500000e-02  -7.8125000e-03   0.0000000e+00   7.0312500e-02   3.9062500e-02   3.1250000e-01  -7.8125000e-03   4.0219974e+00
   1.5625000e-02  -1.5625000e-02  -7.8125000e-03   7.8125000e-03   1.8750000e-01  -7.0312500e-02   1.4843750e-01  -1.1718750e-01   4.0269974e+00
  -1.5625000e-02  -1.5625000e-02  -2.3437500e-02  -1.5625000e-02  -1.4843750e-01   3.0468750e-01  -2.3437500e-02   1.7187500e-01   4.0319974e+00
  -7.8125000e-03  -1.5625000e-02   2.3437500e-02   3.9062500e-02   2.5000000e-01  -7.0312500e-02  -7.0312500e-02   0.0000000e+00   4.0369974e+00
  -3.9062500e-02   1.5625000e-02  -7.8125000e-03   7.8125000e-03   7.8125000e-02  -1.5625000e-01  -1.2500000e-01  -7.8125000e-03   4.0419974e+00
   7.8125000e-03   1.5625000e-01   1.5625000e-02  -4.6875000e-02  -8.5937500e-02   2.4218750e-01  -1.0937500e-01   3.1250000e-02   4.0469974e+00
  -1.5625000e-02  -1.9531250e-01  -3.1250000e-02  -7.8125000e-03   1.0156250e-01   1.7968750e-01  -2.3437500e-02  -1.3281250e-01   4.0519974e+00
  -1.5625000e-02   1.3281250e-01  -5.4687500e-02  -4.6875000e-02  -1.0937500e-01  -2.3437500e-02   8.2031250e-01   3.1250000e-02   4.0569974e+00
  -1.5625000e-02   5.4687500e-02  -7.8125000e-03   1.5625000e-02  -1.5625000e-02   1.5625000e-02  -5.2343750e-01   1.7187500e-01   4.0619974e+00
   7.8125000e-03  -1.3281250e-01   0.0000000e+00  -5.4687500e-02  -2.9687500e-01  -2.9687500e-01   3.5937500e-01  -2.0312500e-01   4.0669974e+00
   4.6875000e-02   1.6406250e-01   0.0000000e+00   7.8125000e-03   2.4218750e-01  -1.4062500e-01   3.2812500e-01   7.0312500e-02   4.0719974e+00
  -3.9062500e-02  -1.7968750e-01  -5.4687500e-02  -3.1250000e-02  -3.1250000e-02  -1.0937500e-01   5.8593750e-01  -5.4687500e-02   4.0769974e+00
   7.8125000e-03  -7.8125000e-03  -1.5625000e-02   0.0000000e+00  -1.0156250e-01   0.0000000e+00   3.7500000e-01   1.2500000e-01   4.0819974e+00
  -7.8125000e-03   2.3437500e-02  -7.8125000e-03  -2.3437500e-02  -1.6406250e-01   2.3437500e-01  -4.6875000e-02   8.5937500e-02   4.0869974e+00
   1.5625000e-02  -2.3437500e-02  -2.3437500e-02   0.0000000e+00   0.0000000e+00   2.3437500e-02  -1.4843750e-01  -2.3437500e-02   4.0919974e+00
  -4.6875000e-02  -1.9531250e-01   0.0000000e+00  -7.8125000e-03   3.1250000e-02  -1.5625000e-02  -8.5937500e-02   3.9062500e-02   4.0969974e+00
  -7.8125000e-03   3.0468750e-01  -1.5625000e-02  -3.1250000e-02  -7.8125000e-02   8.5937500e-02   1.7968750e-01  -1.6406250e-01   4.1019974e+00
  -1.5625000e-02  -7.8125000e-02  -7.8125000e-03  -5.4687500e-02  -4.6875000e-02  -7.8125000e-03   1.8750000e-01   2.3437500e-02   4.1069974e+00
  -8.5937500e-02  -7.8125000e-03  -1.5625000e-02   4.6875000e-02  -7.8125000e-02  -1.1718750e-01   3.1250000e-02  -3.9843750e-01   4.1119974e+00
  -3.1250000e-02  -7.8125000e-02  -3.9062500e-02  -1.0156250e-01  -3.6718750e-01  -3.9062500e-02  -8.0468750e-01  -8.5937500e-02   4.1169974e+00
   1.5625000e-02  -1.5625000e-01  -1.5625000e-02   1.5625000e-02   1.4843750e-01  -1.3281250e-01   3.2031250e-01   1.0156250e-01   4.1219974e+00
   3.1250000e-02   6.2500000e-02  -2.3437500e-02   3.9062500e-02   7.0312500e-02   1.2500000e-01   5.3125000e-01   3.9062500e-02   4.1269974e+00
  -2.3437500e-02   7.8125000e-03   7.8125000e-03  -3.9062500e-02  -1.4843750e-01   0.0000000e+00  -3.5156250e-01   9.3750000e-02   4.1319974e+00
  -4.6875000e-02   5.4687500e-02   3.1250000e-02   1.5625000e-02  -6.2500000e-02  -1.3281250e-01  -1.3281250e-01  -1.4843750e-01   4.1369974e+00
   7.8125000e-03  -1.0156250e-01  -7.8125000e-03  -7.8125000e-02  -6.2500000e-02   1.0937500e-01  -4.0625000e-01   2.3437500e-02   4.1419974e+00
  -9.3750000e-02   4.6875000e-02   2.3437500e-02   3.9062500e-02   6.2500000e-02   1.0156250e-01  -3.1250000e-01  -9.3750000e-02   4.1469974e+00
   5.4687500e-02  -8.5937500e-02   0.0000000e+00   7.8125000e-03  -3.1250000e-02   7.8125000e-03   2.3437500e-01   2.5000000e-01   4.1519974e+00
  -6.2500000e-02   3.1250000e-02  -2.3437500e-02   0.0000000e+00   1.0937500e-01   2.8906250e-01   1.7187500e-01   1.5625000e-02   4.1569974e+00
   7.8125000e-03   2.3437500e-02   2.3437500e-02  -1.5625000e-02  -8.5937500e-02  -5.3125000e-01  -5.8593750e-01  -2.8125000e-01   4.1619974e+00
   3.9062500e-02   3.1250000e-02  -7.8125000e-03   3.1250000e-02   7.8125000e-02   1.5625000e-01   7.8125000e-02   1.0156250e-01   4.1669974e+00
  -3.9062500e-02  -7.8125000e-02  -7.8125000e-03  -7.0312500e-02  -4.6875000e-02  -2.5000000e-01  -3.5937500e-01  -2.5000000e-01   4.1719974e+00
  -2.3437500e-02  -8.5937500e-02  -3.1250000e-02  -2.3437500e-02   1.5625000e-02   1.4843750e-01  -4.9218750e-01  -1.6406250e-01   4.1769974e+00
   7.8125000e-03   3.1250000e-02  -7.8125000e-03   7.8125000e-03  -9.3750000e-02   2.4218750e-01   2.1093750e-01  -1.5625000e-01   4.1819974e+00
  -9.3750000e-02  -4.6875000e-02   0.0000000e+00   7.8125000e-03  -9.3750000e-02  -1.0156250e-01   2.3437500e-02  -4.6875000e-02   4.1869974e+00
  -2.3437500e-02  -9.3750000e-02  -4.6875000e-02  -1.5625000e-02   2.0312500e-01  -2.5781250e-01   6.3281250e-01   0.0000000e+00   4.1919974e+00
   1.0937500e-01   1.2500000e-01   2.3437500e-02  -7.8125000e-03   3.1250000e-02  -3.2031250e-01   5.4687500e-02   7.8125000e-02   4.1969974e+00
  -5.4687500e-02   2.3437500e-02  -1.5625000e-02   0.0000000e+00   3.9062500e-02   1.0156250e-01   5.0781250e-01   1.4843750e-01   4.2019974e+00
   1.5625000e-02   7.8125000e-03  -7.8125000e-03   7.8125000e-03   6.2500000e-02   1.5625000e-01  -2.1875000e-01   2.3437500e-02   4.2069974e+00
   3.1250000e-02   1.5625000e-02  -2.3437500e-02  -2.3437500e-02  -7.0312500e-02   1.4843750e-01   3.6718750e-01  -7.0312500e-02   4.2119974e+00
   0.0000000e+00   3.1250000e-02   3.9062500e-02  -1.5625000e-02  -1.9531250e-01   2.4218750e-01   7.8125000e-02  -3.9062500e-02   4.2169974e+00
   2.3437500e-02  -2.3437500e-02  -3.9062500e-02   1.5625000e-02   2.3437500e-01   0.0000000e+00  -1.3281250e-01   5.4687500e-02   4.2219974e+00
  -1.5625000e-02  -5.4687500e-02  -1.5625000e-02   0.0000000e+00   1.5625000e-02   3.9062500e-02   1.8750000e-01  -1.0156250e-01   4.2269974e+00
   2.3437500e-02  -2.0312500e-01   2.3437500e-02   7.8125000e-03  -7.8125000e-03  -6.2500000e-01   1.7187500e-01   1.0156250e-01   4.2319974e+00
  -2.3437500e-02   1.5625000e-01  -2.3437500e-02   2.3437500e-02   1.7968750e-01   1.0156250e-01  -4.1406250e-01  -3.5156250e-01   4.2369974e+00
  -1.5625000e-02   7.0312500e-02   7.8125000e-03   0.0000000e+00   1.5625000e-02   1.3281250e-01  -4.2968750e-01   1.1718750e-01   4.2419974e+00
  -3.1250000e-02  -5.4687500e-02  -4.6875000e-02  -9.3750000e-02  -1.0156250e-01  -1.5625000e-01   3.3593750e-01  -7.8125000e-02   4.2469974e+00
   3.9062500e-02  -6.2500000e-02   0.0000000e+00   7.8125000e-03   6.2500000e-02   3.8281250e-01  -4.2187500e-01  -2.3437500e-02   4.2519974e+00
   7.8125000e-03  -1.1718750e-01  -1.5625000e-02   7.8125000e-03   1.1718750e-01  -5.5468750e-01   3.3593750e-01   2.8125000e-01   4.2569974e+00
  -9.3750000e-02  -1.4843750e-01  -7.8125000e-03  -2.3437500e-02  -1.3281250e-01   7.8125000e-03  -1.1718750e-01  -3.1250000e-01   4.2619974e+00
   7.8125000e-03   1.5625000e-02  -3.1250000e-02  -5.4687500e-02  -1.3281250e-01  -3.9062500e-02   4.5312500e-01   1.7968750e-01   4.2669974e+00
  -1.5625000e-02   1.0156250e-01  -1.5625000e-02   7.8125000e-03   1.0156250e-01  -2.1093750e-01   1.9531250e-01   1.0937500e-01   4.2719974e+00
   7.8125000e-03   2.3437500e-02   3.1250000e-02   7.8125000e-03  -1.0937500e-01   1.2500000e-01  -1.7968750e-01   1.0156250e-01   4.2769974e+00
   0.0000000e+00  -3.9062500e-02  -7.8125000e-03  -7.8125000e-03  -3.1250000e-02  -2.3437500e-02  -1.5625000e-02  -1.6406250e-01   4.2819974e+00
  -5.4687500e-02  -2.5000000e-01  -3.9062500e-02  -3.1250000e-02  -9.3750000e-02  -1.6406250e-01  -1.5625000e-01   1.0156250e-01   4.2869974e+00
  -1.5625000e-02   2.0312500e-01  -3.9062500e-02  -3.9062500e-02  -1.4062500e-01   3.1250000e-02   3.5937500e-01  -1.7187500e-01   4.2919974e+00
  -5.4687500e-02  -7.0312500e-02   0.0000000e+00  -2.3437500e-02  -1.9531250e-01   5.4687500e-02   8.5937500e-02  -1.7968750e-01   4.2969974e+00
   3.1250000e-02  -7.8125000e-03   3.1250000e-02   7.8125000e-03   2.1093750e-01  -1.5625000e-01  -2.7343750e-01  -6.2500000e-02   4.3019974e+00
   2.3437500e-02   1.1718750e-01   0.0000000e+00   3.9062500e-02   1.4843750e-01   3.1250000e-01  -1.4843750e-01  -7.8125000e-02   4.3069974e+00
   4.6875000e-02   7.8125000e-03   3.1250000e-02   1.5625000e-02  -1.5625000e-01   3.9843750e-01   9.3750000e-02   1.5625000e-01   4.3119974e+00
  -7.0312500e-02  -1.0937500e-01  -7.8125000e-02  -6.2500000e-02  -1.5625000e-02   1.3281250e-01  -5.0000000e-01  -3.4375000e-01   4.3169974e+00
  -4.6875000e-02  -1.6406250e-01  -7.8125000e-03  -2.3437500e-02  -2.3437500e-02   0.0000000e+00  -4.6093750e-01   1.5625000e-02   4.3219974e+00
  -3.1250000e-02  -1.0937500e-01  -4.6875000e-02  -8.5937500e-02  -3.7500000e-01   1.0156250e-01   7.5000000e-01  -3.9062500e-02   4.3269974e+00
   5.4687500e-02   2.6562500e-01   3.1250000e-02   3.1250000e-02  -2.3437500e-02  -1.7968750e-01  -1.4062500e-01   1.6406250e-01   4.3319974e+00
   3.1250000e-02   1.5625000e-02   7.8125000e-03   4.6875000e-02   3.9062500e-01  -1.4062500e-01   8.9062500e-01   2.5781250e-01   4.3369974e+00
  -2.3437500e-02  -1.0937500e-01  -1.5625000e-02   1.5625000e-02  -1.5625000e-02   1.7187500e-01   1.0937500e-01  -3.6718750e-01   4.3419974e+00
   1.5625000e-02  -7.8125000e-02   0.0000000e+00  -1.5625000e-02  -4.6875000e-02  -1.0937500e-01  -2.9687500e-01   1.9531250e-01   4.3469974e+00
  -4.6875000e-02   1.0156250e-01   2.3437500e-02   3.1250000e-02   2.1093750e-01   1.4062500e-01  -1.4843750e-01   1.5625000e-02   4.3519974e+00
   5.4687500e-02   9.3750000e-02  -1.5625000e-02  -7.8125000e-03  -1.1718750e-01   7.8125000e-03   1.5625000e-02   3.9062500e-02   4.3569974e+00
   1.5625000e-02   3.1250000e-02  -1.5625000e-02  -3.9062500e-02  -1.4843750e-01  -1.0937500e-01   2.8125000e-01   5.4687500e-02   4.3619974e+00
   1.5625000e-02   8.5937500e-02   2.3437500e-02   7.0312500e-02   2.9687500e-01  -2.8906250e-01  -1.2500000e-01   2.3437500e-02   4.3669974e+00
   3.1250000e-02  -5.4687500e-02   0.0000000e+00  -7.8125000e-03   6.2500000e-02   0.0000000e+00  -1.0937500e-01  -1.0937500e-01   4.3719974e+00
  -3.1250000e-02  -3.9062500e-02   1.5625000e-02  -7.8125000e-03  -3.5937500e-01   2.2656250e-01   1.4843750e-01   1.0937500e-01   4.3769974e+00
   1.5625000e-02   5.4687500e-02  -7.8125000e-03   6.2500000e-02   4.7656250e-01  -7.8125000e-02  -2.7343750e-01   7.8125000e-02   4.3819974e+00
  -3.1250000e-02   2.3437500e-02  -1.5625000e-02  -1.5625000e-02  -7.0312500e-02   3.2031250e-01  -7.8125000e-02  -6.2500000e-02   4.3869974e+00
  -7.8125000e-03  -5.4687500e-02   0.0000000e+00   7.8125000e-03   1.5625000e-01  -4.1406250e-01   1.9531250e-01   2.3437500e-01   4.3919974e+00
  -1.5625000e-02  -8.5937500e-02  -2.3437500e-02  -3.9062500e-02  -1.6406250e-01  -5.4687500e-02  -9.3750000e-01  -3.9062500e-02   4.3969974e+00
   0.0000000e+00   5.4687500e-02   3.9062500e-02  -7.8125000e-03  -1.7968750e-01   5.4687500e-02   6.0937500e-01   1.3281250e-01   4.4019974e+00
   7.8125000e-03   3.1250000e-02  -1.5625000e-02  -7.8125000e-03  -6.2500000e-02   2.4218750e-01  -2.8906250e-01   3.8281250e-01   4.4069974e+00
  -2.3437500e-02  -7.0312500e-02   1.5625000e-02  -5.4687500e-02  -3.7500000e-01   4.6875000e-02  -8.1250000e-01  -1.8750000e-01   4.4119974e+00
   3.1250000e-02   5.4687500e-02   7.8125000e-03   2.3437500e-02   2.5781250e-01   8.5937500e-02  -2.1875000e-01   2.3437500e-02   4.4169974e+00
  -6.2500000e-02  -4.6875000e-02   1.5625000e-02  -7.8125000e-03  -6.2500000e-02   2.6562500e-01   9.6093750e-01   7.8125000e-03   4.4219974e+00
   0.0000000e+00  -3.9062500e-02  -2.3437500e-02   0.0000000e+00   1.7968750e-01  -2.5781250e-01  -1.0000000e+00  -1.1718750e-01   4.4269974e+00
  -5.4687500e-02   0.0000000e+00  -1.5625000e-02  -3.9062500e-02  -2.1875000e-01   2.2656250e-01   5.9375000e-01  -3.0468750e-01   4.4319974e+00
  -5.4687500e-02  -2.1875000e-01  -8.5937500e-02  -7.8125000e-02  -2.4218750e-01  -4.3750000e-01   4.9218750e-01  -2.3437500e-02   4.4369974e+00
   3.1250000e-02   1.3281250e-01   0.0000000e+00  -7.8125000e-03   8.5937500e-02   3.1250000e-01  -3.9062500e-01   4.2968750e-01   4.4419974e+00
  -3.9062500e-02  -2.7343750e-01  -8.5937500e-02  -3.1250000e-02  -1.5625000e-01  -1.0937500e-01  -2.7343750e-01  -3.0468750e-01   4.4469974e+00
   7.8125000e-03   1.0937500e-01   0.0000000e+00   3.1250000e-02   1.1718750e-01   3.9062500e-02   4.1406250e-01   9.3750000e-02   4.4519974e+00
  -4.6875000e-02   3.1250000e-02   3.1250000e-02  -7.8125000e-03   9.3750000e-02   6.2500000e-02   5.4687500e-02  -7.8125000e-03   4.4569974e+00
  -5.4687500e-02  -1.4062500e-01  -1.5625000e-02   0.0000000e+00  -3.9062500e-02  -2.1875000e-01   5.0000000e-01  -1.8750000e-01   4.4619974e+00
   3.1250000e-02  -1.0156250e-01  -7.8125000e-03   0.0000000e+00   7.0312500e-02  -2.6562500e-01   5.8593750e-01   6.2500000e-02   4.4669974e+00
   0.0000000e+00   5.4687500e-02  -7.8125000e-02  -2.3437500e-02   1.0156250e-01   0.0000000e+00  -8.2812500e-01   3.1250000e-02   4.4719974e+00
   2.3437500e-02   4.6875000e-02  -1.5625000e-02   0.0000000e+00  -1.0156250e-01   4.6875000e-02  -5.4687500e-02   1.5625000e-01   4.4769974e+00
  -3.1250000e-02  -4.6875000e-02   1.5625000e-02  -1.0156250e-01  -5.8593750e-01  -8.5937500e-02  -3.7500000e-01  -5.1562500e-01   4.4819974e+00
   8.5937500e-02   2.6562500e-01   5.4687500e-02   2.3437500e-02   2.5781250e-01   1.5625000e-01   5.7031250e-01  -1.7187500e-01   4.4869974e+00
  -2.3437500e-02  -1.4843750e-01  -1.5625000e-02   4.6875000e-02   1.2500000e-01   1.8750000e-01   3.2812500e-01   2.8906250e-01   4.4919974e+00
   1.5625000e-02  -3.1250000e-02   0.0000000e+00   2.3437500e-02  -7.8125000e-03  -7.8125000e-03   1.9531250e-01   1.5625000e-02   4.4969974e+00
   3.1250000e-02   1.0156250e-01  -2.3437500e-02  -5.4687500e-02  -2.0312500e-01  -4.8437500e-01   5.8593750e-01   7.8125000e-03   4.5019974e+00
  -1.5625000e-02   3.9062500e-02   0.0000000e+00  -1.5625000e-02   1.5625000e-02  -1.8750000e-01   2.0312500e-01   5.4687500e-02   4.5069974e+00
   7.8125000e-03  -1.0156250e-01   0.0000000e+00  -5.4687500e-02  -1.1718750e-01  -1.3281250e-01  -7.7343750e-01  -3.3593750e-01   4.5119974e+00
  -7.8125000e-03  -1.6406250e-01  -2.3437500e-02   7.8125000e-03   9.3750000e-02   1.6406250e-01  -9.3750000e-02   2.2656250e-01   4.5169974e+00
  -3.1250000e-02   2.5000000e-01   1.5625000e-02   4.6875000e-02   1.0937500e-01  -7.8125000e-03   5.8593750e-01   1.3281250e-01   4.5219974e+00
   0.0000000e+00   6.2500000e-02   0.0000000e+00  -3.1250000e-02  -7.8125000e-02   2.7343750e-01  -3.2812500e-01   1.5625000e-02   4.5269974e+00
  -4.6875000e-02   4.6875000e-02   7.8125000e-03   0.0000000e+00   1.5625000e-02   1.9531250e-01   7.8125000e-02  -4.6093750e-01   4.5319974e+00
  -1.5625000e-02  -7.0312500e-02   1.5625000e-02   7.8125000e-03   2.4218750e-01  -5.6250000e-01  -2.1093750e-01   2.3437500e-02   4.5369974e+00
  -2.3437500e-02  -1.7187500e-01  -5.4687500e-02  -3.1250000e-02   5.4687500e-02  -1.4062500e-01  -5.8593750e-01  -1.5625000e-02   4.5419974e+00
  -6.2500000e-02  -1.5625000e-02  -4.6875000e-02  -6.2500000e-02  -1.4062500e-01  -7.8125000e-03  -5.4687500e-02  -2.3437500e-02   4.5469974e+00
   0.0000000e+00  -3.1250000e-02   0.0000000e+00  -3.9062500e-02  -1.4843750e-01  -1.5625000e-02   1.5625000e-02   4.6875000e-02   4.5519974e+00
  -7.8125000e-03  -7.8125000e-03  -8.5937500e-02  -1.5625000e-02  -1.6406250e-01   1.8750000e-01   7.1093750e-01  -1.4062500e-01   4.5569974e+00
   7.8125000e-03   0.0000000e+00  -4.6875000e-02   0.0000000e+00   3.2031250e-01   1.2500000e-01  -5.0000000e-01   3.1250000e-02   4.5619974e+00
  -3.9062500e-02   3.1250000e-02   7.0312500e-02   2.3437500e-02   9.3750000e-02  -6.2500000e-02  -4.6875000e-01  -3.2031250e-01   4.5669974e+00
   4.6875000e-02  -5.4687500e-02   1.5625000e-02   7.8125000e-03  -3.1250000e-02   5.4687500e-02   4.6093750e-01   1.6406250e-01   4.5719974e+00
   7.8125000e-03   1.2500000e-01   3.1250000e-02   2.3437500e-02  -7.8125000e-02  -1.2500000e-01   1.7187500e-01  -3.1250000e-02   4.5769974e+00
   4.6875000e-02   2.3437500e-02   5.4687500e-02  -2.3437500e-02  -2.0312500e-01  -7.8125000e-03   2.3437500e-02   1.4843750e-01   4.5819974e+00
  -7.8125000e-02  -3.1250000e-02  -3.1250000e-02   0.0000000e+00   6.2500000e-02  -7.3437500e-01   5.4687500e-01  -1.0156250e-01   4.5869974e+00
   3.9062500e-02   0.0000000e+00  -7.8125000e-02   3.9062500e-02   2.5000000e-01   4.7656250e-01  -1.7968750e-01   1.1718750e-01   4.5919974e+00
  -1.5625000e-02   6.2500000e-02   1.5625000e-02  -2.3437500e-02  -7.8125000e-03   4.7656250e-01   3.3593750e-01  -7.8125000e-02   4.5969974e+00
   1.5625000e-02  -2.0312500e-01  -1.5625000e-02   5.4687500e-02  -1.5625000e-02  -1.1718750e-01   2.2656250e-01   2.5000000e-01   4.6019974e+00
  -4.6875000e-02   9.3750000e-02   7.0312500e-02   3.9062500e-02  -1.2500000e-01   7.0312500e-02   3.5937500e-01  -9.3750000e-02   4.6069974e+00
  -7.0312500e-02  -7.8125000e-03  -2.3437500e-02  -4.6875000e-02   2.3437500e-02  -3.4375000e-01   6.2500000e-01  -1.7968750e-01   4.6119974e+00
   3.9062500e-02  -1.2500000e-01  -3.1250000e-02  -1.5625000e-02  -2.3437500e-02   3.1250000e-02  -7.8125000e-02   2.5000000e-01   4.6169974e+00
   7.8125000e-03   6.2500000e-02  -4.6875000e-02   3.1250000e-02   3.6718750e-01   3.2031250e-01  -2.4218750e-01  -1.0937500e-01   4.6219974e+00
  -4.6875000e-02   3.9062500e-02  -5.4687500e-02  -8.5937500e-02   3.1250000e-02   1.9531250e-01  -2.5781250e-01  -7.8125000e-03   4.6269974e+00
   6.2500000e-02   3.1250000e-02   2.3437500e-02  -1.5625000e-02  -9.3750000e-02  -3.2031250e-01   1.2500000e-01  -1.5625000e-02   4.6319974e+00
  -5.4687500e-02   0.0000000e+00  -3.1250000e-02   1.5625000e-02   1.8750000e-01   4.4531250e-01   2.9687500e-01  -1.4062500e-01   4.6369974e+00
   7.8125000e-03  -9.3750000e-02   7.8125000e-03  -3.9062500e-02  -1.1718750e-01  -2.1093750e-01   5.4687500e-02   7.8125000e-02   4.6419974e+00
   3.1250000e-02  -9.3750000e-02  -6.2500000e-02   2.3437500e-02   3.1250000e-02   6.2500000e-02   4.2187500e-01   1.4062500e-01   4.6469974e+00
   2.3437500e-02   5.4687500e-02   0.0000000e+00  -1.5625000e-02   5.4687500e-02   0.0000000e+00   5.4687500e-01   2.3437500e-02   4.6519974e+00
  -1.0156250e-01   3.1250000e-02   1.5625000e-02  -4.6875000e-02  -7.0312500e-02  -3.4375000e-01  -2.5781250e-01  -4.6875000e-02   4.6569974e+00
   3.9062500e-02   9.3750000e-02   7.8125000e-03   3.9062500e-02   2.3437500e-02   1.2500000e-01  -6.2500000e-02  -1.3281250e-01   4.6619974e+00
   3.9062500e-02   5.4687500e-02   1.5625000e-02   0.0000000e+00  -2.3437500e-02   0.0000000e+00   7.8125000e-02   1.7187500e-01   4.6669974e+00
  -4.6875000e-02  -1.3281250e-01  -3.9062500e-02  -3.1250000e-02  -4.0625000e-01  -3.7500000e-01   2.0312500e-01   6.2500000e-02   4.6719974e+00
   6.2500000e-02  -4.6875000e-02   7.8125000e-03   3.1250000e-02   2.8125000e-01   2.5781250e-01  -7.0312500e-01   1.2500000e-01   4.6769974e+00
  -8.5937500e-02   7.0312500e-02  -3.1250000e-02  -5.4687500e-02  -2.7343750e-01   9.3750000e-02  -1.5625000e-01   3.1250000e-02   4.6819974e+00
   6.2500000e-02  -3.1250000e-02  -1.5625000e-02   1.5625000e-02   3.1250000e-02   1.0156250e-01   3.7500000e-01   1.3281250e-01   4.6869974e+00
   3.1250000e-02  -3.1250000e-02   0.0000000e+00  -1.5625000e-02   7.8125000e-02   8.5937500e-02  -7.7343750e-01   1.1718750e-01   4.6919974e+00
  -3.9062500e-02   5.4687500e-02   4.6875000e-02  -3.1250000e-02  -3.2031250e-01  -7.0312500e-02   1.0937500e-01  -1.0156250e-01   4.6969974e+00
  -3.9062500e-02  -5.4687500e-02  -2.3437500e-02  -6.2500000e-02  -1.0156250e-01   2.9687500e-01  -8.5937500e-02  -4.6875000e-02   4.7019974e+00
  -7.8125000e-03  -1.0937500e-01  -7.8125000e-03   3.1250000e-02   2.3437500e-02  -3.2031250e-01  -4.8437500e-01  -1.5625000e-02   4.7069974e+00
   3.1250000e-02   1.7968750e-01  -2.3437500e-02   1.5625000e-02   0.0000000e+00   4.6875000e-02   5.4687500e-01   4.6875000e-02   4.7119974e+00
   1.5625000e-02   7.0312500e-02   6.2500000e-02   7.0312500e-02   1.4843750e-01  -3.2812500e-01   7.8125000e-02  -4.6875000e-02   4.7169974e+00
   2.3437500e-02  -1.5625000e-02  -6.2500000e-02  -3.1250000e-02   7.8125000e-03   1.4843750e-01   3.1250000e-01   8.5937500e-02   4.7219974e+00
  -8.5937500e-02  -2.3437500e-02   5.4687500e-02  -7.8125000e-03  -1.0937500e-01  -1.9531250e-01   1.4843750e-01  -2.9687500e-01   4.7269974e+00
  -2.3437500e-02  -2.1875000e-01  -7.0312500e-02  -7.8125000e-03   2.0312500e-01   3.9062500e-02   3.4375000e-01   1.5625000e-02   4.7319974e+00
   1.5625000e-02   1.1718750e-01   1.5625000e-02   2.3437500e-02   3.9062500e-02  -2.3437500e-02   2.8906250e-01  -1.8750000e-01   4.7369974e+00
  -2.3437500e-02  -3.1250000e-02  -7.8125000e-03   7.8125000e-03  -1.5625000e-02  -3.9062500e-02   6.2500000e-02  -2.3437500e-02   4.7419974e+00
   3.9062500e-02   1.5625000e-01   3.9062500e-02   1.5625000e-02   2.0312500e-01  -1.7187500e-01  -6.6406250e-01   7.8125000e-03   4.7469974e+00
   4.6875000e-02   7.8125000e-03   2.3437500e-02  -7.8125000e-03  -1.0937500e-01  -5.4687500e-02  -5.7812500e-01   8.5937500e-02   4.7519974e+00
   7.0312500e-02   1.2500000e-01   2.3437500e-02   0.0000000e+00   1.5625000e-02   5.0000000e-01  -1.2500000e-01   1.7187500e-01   4.7569974e+00
  -6.2500000e-02  -1.3281250e-01  -3.9062500e-02   3.9062500e-02   2.1093750e-01  -2.0312500e-01   1.2500000e-01   1.5625000e-02   4.7619974e+00
  -4.6875000e-02  -1.3281250e-01  -9.3750000e-02  -9.3750000e-02  -1.9531250e-01   4.1406250e-01  -3.7500000e-01  -2.8906250e-01   4.7669974e+00
   7.8125000e-03   2.3437500e-02   2.3437500e-02  -2.3437500e-02  -1.7187500e-01   8.5937500e-02  -1.9531250e-01   3.9062500e-02   4.7719974e+00
  -8.5937500e-02  -7.8125000e-02  -5.4687500e-02   2.3437500e-02   1.9531250e-01   1.8750000e-01   1.5625000e-02   9.3750000e-02   4.7769974e+00
   1.0156250e-01   7.0312500e-02   2.3437500e-02   2.3437500e-02  -4.6875000e-02   1.7187500e-01   2.1093750e-01   5.4687500e-02   4.7819974e+00
  -3.9062500e-02  -7.8125000e-03   0.0000000e+00  -2.3437500e-02   5.4687500e-02  -3.1250000e-02   1.9531250e-01  -2.3437500e-02   4.7869974e+00
  -3.9062500e-02  -5.4687500e-02   0.0000000e+00  -3.9062500e-02   7.0312500e-02  -3.9062500e-02  -1.0937500e-01  -2.0312500e-01   4.7919974e+00
   0.0000000e+00   8.5937500e-02  -2.3437500e-02  -7.8125000e-03   3.1250000e-02  -7.8125000e-03   5.9375000e-01   7.8125000e-02   4.7969974e+00
  -6.2500000e-02  -7.0312500e-02  -7.8125000e-03  -1.5625000e-02  -9.3750000e-02  -2.8125000e-01  -7.1093750e-01  -1.8750000e-01   4.8019974e+00
   3.9062500e-02   1.5625000e-02   0.0000000e+00   7.8125000e-03   1.0156250e-01   1.0156250e-01   3.8281250e-01   1.9531250e-01   4.8069974e+00
  -3.1250000e-02   1.0937500e-01  -7.8125000e-03  -4.6875000e-02  -2.5000000e-01   3.9062500e-01   1.8750000e-01   6.2500000e-02   4.8119974e+00
  -7.0312500e-02  -3.1250000e-02  -7.8125000e-03   2.3437500e-02   3.2812500e-01   4.6875000e-02   6.6406250e-01   1.1718750e-01   4.8169974e+00
  -7.8125000e-03  -7.8125000e-03   3.1250000e-02  -7.8125000e-03  -6.2500000e-02  -4.6875000e-02  -1.4843750e-01  -1.9531250e-01   4.8219974e+00
  -7.8125000e-03  -7.8125000e-02   7.8125000e-03  -7.8125000e-03  -1.5625000e-01   1.3281250e-01   1.7968750e-01  -2.2656250e-01   4.8269974e+00
   0.0000000e+00   1.5625000e-02   0.0000000e+00   0.0000000e+00  -1.5625000e-02   5.4687500e-02  -1.6406250e-01   4.3750000e-01   4.8319974e+00
  -4.6875000e-02  -8.5937500e-02  -2.3437500e-02  -3.9062500e-02  -5.4687500e-02  -5.4687500e-02   7.8125000e-03  -3.8281250e-01   4.8369974e+00
   4.6875000e-02  -3.1250000e-02  -6.2500000e-02  -3.9062500e-02  -5.4687500e-02  -1.1718750e-01   2.1875000e-01   4.2968750e-01   4.8419974e+00
  -1.1718750e-01  -1.6406250e-01  -2.3437500e-02  -1.5625000e-02   7.8125000e-03  -1.5625000e-02  -1.0937500e-01   1.7968750e-01   4.8469974e+00
   2.3437500e-02   1.1718750e-01   6.2500000e-02  -7.8125000e-03   6.2500000e-02  -7.8125000e-02   1.0156250e-01  -5.0781250e-01   4.8519974e+00
  -5.4687500e-02  -3.9062500e-02   7.8125000e-03  -1.5625000e-02  -1.7187500e-01  -2.7343750e-01  -3.2031250e-01  -2.8125000e-01   4.8569974e+00
   5.4687500e-02  -8.5937500e-02  -6.2500000e-02  -6.2500000e-02   1.5625000e-02  -5.4687500e-02   9.5312500e-01   4.3750000e-01   4.8619974e+00
   7.8125000e-03  -7.8125000e-03  -3.1250000e-02  -7.8125000e-03  -1.1718750e-01  -7.0312500e-02  -2.0312500e-01   2.3437500e-01   4.8669974e+00
  -3.1250000e-02  -3.1250000e-02   0.0000000e+00   7.8125000e-03   2.3437500e-01  -4.6875000e-02  -5.0781250e-01  -9.0625000e-01   4.8719974e+00
   8.5937500e-02  -1.0156250e-01  -6.2500000e-02  -7.8125000e-02  -2.9687500e-01  -5.7031250e-01   3.9062500e-01  -6.2500000e-02   4.8769974e+00
  -7.0312500e-02  -7.8125000e-02   7.8125000e-03  -1.5625000e-02   3.1250000e-02   2.5000000e-01  -8.3593750e-01  -4.6875000e-01   4.8819974e+00
  -2.3437500e-02  -7.8125000e-03  -6.2500000e-02  -1.5625000e-02  -1.0937500e-01   2.1093750e-01   2.9687500e-01  -1.4062500e-01   4.8869974e+00
   0.0000000e+00  -2.3437500e-02  -7.8125000e-03   3.1250000e-02   5.4687500e-02  -1.6406250e-01   5.4687500e-01   2.1093750e-01   4.8919974e+00
  -3.1250000e-02   5.4687500e-02  -6.2500000e-02  -3.1250000e-02   4.6875000e-02   3.9062500e-02   2.0312500e-01  -3.9062500e-02   4.8969974e+00
  -7.0312500e-02   6.2500000e-02   2.3437500e-02   0.0000000e+00  -6.2500000e-02  -3.1250000e-02  -3.9843750e-01  -1.0156250e-01   4.9019974e+00
   4.6875000e-02   1.1718750e-01   3.1250000e-02   7.8125000e-03  -3.1250000e-02  -2.3437500e-01  -4.0625000e-01  -2.3437500e-02   4.9069974e+00
   3.9062500e-02   9.3750000e-02  -3.1250000e-02  -4.6875000e-02  -1.4062500e-01  -7.0312500e-02   1.5625000e-02   2.4218750e-01   4.9119974e+00
  -6.2500000e-02  -3.1250000e-02  -7.8125000e-03   1.5625000e-02  -4.6875000e-02   1.4843750e-01  -7.8125000e-02   1.4062500e-01   4.9169974e+00
  -3.9062500e-02  -1.5625000e-02   7.8125000e-03   7.8125000e-03  -7.0312500e-02   1.9531250e-01   3.0468750e-01  -3.1250000e-01   4.9219974e+00
   3.1250000e-02   2.3437500e-02  -7.8125000e-03   1.5625000e-02   1.4062500e-01   3.5937500e-01  -5.0000000e-01  -2.5781250e-01   4.9269974e+00
  -2.3437500e-02  -3.1250000e-02   0.0000000e+00   0.0000000e+00  -5.4687500e-02  -1.0937500e-01  -2.1875000e-01   1.4843750e-01   4.9319974e+00
   6.2500000e-02   5.4687500e-02   1.5625000e-02   0.0000000e+00  -6.2500000e-02   1.5625000e-02  -2.4218750e-01   1.9531250e-01   4.9369974e+00
  -1.1718750e-01  -1.0937500e-01  -2.3437500e-02  -3.9062500e-02  -1.0156250e-01  -3.4375000e-01  -4.5312500e-01  -7.9687500e-01   4.9419974e+00
   4.6875000e-02   4.6875000e-02   1.5625000e-02   7.8125000e-03  -1.5625000e-02  -8.5937500e-02   2.4218750e-01   1.3281250e-01   4.9469974e+00
  -3.1250000e-02   2.3437500e-02   2.3437500e-02   7.0312500e-02   2.9687500e-01   2.2656250e-01   4.6093750e-01   1.0156250e-01   4.9519974e+00
   1.3281250e-01   6.2500000e-02   1.5625000e-02  -2.3437500e-02  -1.4843750e-01  -2.3437500e-01  -5.0781250e-01  -3.1250000e-02   4.9569974e+00
   0.0000000e+00   1.5625000e-02   1.5625000e-02   1.5625000e-02  -9.3750000e-02  -1.6406250e-01  -1.0156250e-01   2.3437500e-01   4.9619974e+00
   9.3750000e-02  -1.5625000e-02   3.1250000e-02   0.0000000e+00   1.7968750e-01   2.3437500e-02  -7.9687500e-01   1.9531250e-01   4.9669974e+00
  -1.4843750e-01  -3.1250000e-02  -1.5625000e-02  -5.4687500e-02  -3.5937500e-01  -1.0937500e-01   5.4687500e-02  -6.2500000e-02   4.9719974e+00
   0.0000000e+00  -1.0937500e-01   0.0000000e+00   3.9062500e-02   1.1718750e-01   1.3281250e-01   1.5625000e-02   1.4843750e-01   4.9769974e+00
  -3.1250000e-02   7.8125000e-03  -7.8125000e-03   3.9062500e-02   1.4843750e-01   2.3437500e-01   2.5781250e-01   1.5625000e-01   4.9819974e+00
  -1.5625000e-02   1.5625000e-02   1.5625000e-02  -7.8125000e-03   7.8125000e-03  -1.7968750e-01   5.7031250e-01  -8.5937500e-02   4.9869974e+00
   4.6875000e-02   2.1093750e-01   2.3437500e-02  -4.6875000e-02  -1.4843750e-01  -2.9687500e-01  -8.6718750e-01  -3.8281250e-01   4.9919974e+00
   0.0000000e+00  -1.0937500e-01  -7.0312500e-02  -7.8125000e-03   8.5937500e-02   1.4062500e-01   1.1718750e-01   1.4062500e-01   4.9969974e+00
  -7.8125000e-03   4.6875000e-02   2.3437500e-02   4.6875000e-02   1.8750000e-01  -3.2031250e-01   1.4843750e-01   9.3750000e-02   5.0019974e+00
  -6.2500000e-02  -1.1718750e-01  -7.8125000e-03  -7.8125000e-02  -2.2656250e-01  -1.6406250e-01  -4.3750000e-01  -5.1562500e-01   5.0069974e+00
  -3.1250000e-02  -4.6875000e-02  -7.8125000e-03   3.9062500e-02   2.2656250e-01   2.3437500e-02  -2.6562500e-01   1.8750000e-01   5.0119974e+00
  -1.5625000e-02  -7.8125000e-02  -3.1250000e-02  -7.8125000e-02  -4.3750000e-01  -9.3750000e-02  -1.2500000e-01  -1.1718750e-01   5.0169974e+00
   1.5625000e-02   3.9062500e-02   0.0000000e+00  -7.8125000e-03   3.1250000e-02   7.0312500e-02   1.6406250e-01  -5.4687500e-02   5.0219974e+00
   3.9062500e-02   1.6406250e-01  -1.5625000e-02  -1.5625000e-02  -2.3437500e-02  -2.5000000e-01   4.4531250e-01  -5.4687500e-02   5.0269974e+00
  -5.4687500e-02  -2.6562500e-01  -6.2500000e-02   1.5625000e-02   2.3437500e-02   1.4843750e-01  -1.0156250e-01   4.2968750e-01   5.0319974e+00
  -4.6875000e-02   5.4687500e-02   2.3437500e-02  -1.5625000e-02   1.4062500e-01  -4.6875000e-02  -1.7968750e-01  -1.1718750e-01   5.0369974e+00
